iter,seed,n_robots,n_tasks,f1n_launch_cost,f2_peak_load,f3_reserve,n_unassigned,n_battery_violations,reward,pg_loss,v_loss,entropy
0,1,95,47,0.52537,0.99714,0.31343,14,0,-28.642,-0.0037683,561.14,93.007
0,1,95,47,0.53134,0.99768,0.40299,14,0,-28.549,-0.0037683,561.14,93.007
0,1,95,47,0.57313,0.99714,0.31343,12,0,-24.689,-0.0037683,561.14,93.007
0,1,95,47,0.50149,0.99714,0.31343,13,0,-26.538,-0.0037683,561.14,93.007
0,1,95,47,0.54925,0.99714,0.40299,13,0,-26.963,-0.0037683,561.14,93.007
0,1,95,47,0.5194,0.99714,0.34328,13,0,-26.674,-0.0037683,561.14,93.007
0,2,95,42,0.53548,0.99718,0.35484,10,0,-20.658,-0.0037683,561.14,93.007
0,2,95,42,0.55484,0.99613,0.35484,9,0,-18.617,-0.0037683,561.14,93.007
0,2,95,42,0.55484,0.99613,0.35484,10,0,-20.852,-0.0037683,561.14,93.007
0,2,95,42,0.56774,0.99613,0.35484,9,0,-18.592,-0.0037683,561.14,93.007
0,2,95,42,0.56129,0.99613,0.32258,8,0,-16.957,-0.0037683,561.14,93.007
0,2,95,42,0.58065,0.99613,0.35484,9,0,-18.657,-0.0037683,561.14,93.007
1,3,90,66,0.78,0.99704,0.2,1,0,-2.7947,-0.010448,155.7,133.04
1,3,90,66,0.76333,0.9932,0.2,1,0,-2.7773,-0.010448,155.7,133.04
1,3,90,66,0.77333,0.98637,0.16667,1,0,-2.8331,-0.010448,155.7,133.04
1,3,90,66,0.77,0.99504,0.18333,1,0,-2.786,-0.010448,155.7,133.04
1,3,90,66,0.76333,0.99504,0.18333,1,0,-2.9738,-0.010448,155.7,133.04
1,3,90,66,0.76667,0.9932,0.23333,1,0,-2.7718,-0.010448,155.7,133.04
1,4,105,38,0.4973,0.99845,0.45946,8,0,-16.794,-0.010448,155.7,133.04
1,4,105,38,0.4973,0.99845,0.40541,9,0,-18.581,-0.010448,155.7,133.04
1,4,105,38,0.48649,0.99845,0.40541,9,0,-18.673,-0.010448,155.7,133.04
1,4,105,38,0.50811,0.99845,0.40541,9,0,-18.536,-0.010448,155.7,133.04
1,4,105,38,0.50811,0.99845,0.45946,8,0,-16.948,-0.010448,155.7,133.04
1,4,105,38,0.50811,0.99845,0.40541,8,0,-16.62,-0.010448,155.7,133.04
2,5,110,62,0.66667,0.99399,0.28889,9,0,-18.827,-0.0061463,304.35,156.72
2,5,110,62,0.68444,0.99591,0.2,10,0,-20.747,-0.0061463,304.35,156.72
2,5,110,62,0.72,0.99591,0.24444,8,0,-16.756,-0.0061463,304.35,156.72
2,5,110,62,0.68889,0.99591,0.24444,8,0,-16.701,-0.0061463,304.35,156.72
2,5,110,62,0.70667,0.99591,0.24444,8,0,-16.961,-0.0061463,304.35,156.72
2,5,110,62,0.69333,0.99399,0.24444,10,0,-20.76,-0.0061463,304.35,156.72
2,6,95,60,0.67077,0.97202,0.2,9,0,-18.818,-0.0061463,304.35,156.72
2,6,95,60,0.69538,0.97202,0.26154,8,0,-16.772,-0.0061463,304.35,156.72
2,6,95,60,0.68308,0.99799,0.29231,8,0,-16.71,-0.0061463,304.35,156.72
2,6,95,60,0.66462,0.98476,0.26154,10,0,-20.689,-0.0061463,304.35,156.72
2,6,95,60,0.66462,0.98304,0.23077,8,0,-16.952,-0.0061463,304.35,156.72
2,6,95,60,0.68308,0.97942,0.26154,8,0,-16.745,-0.0061463,304.35,156.72
3,7,85,46,0.70714,0.98794,0.17857,3,0,-6.9274,-0.0058118,431.04,103.87
3,7,85,46,0.65,0.99077,0.21429,5,0,-10.66,-0.0058118,431.04,103.87
3,7,85,46,0.69286,0.97789,0.28571,5,0,-10.696,-0.0058118,431.04,103.87
3,7,85,46,0.66429,0.99783,0.21429,5,0,-10.688,-0.0058118,431.04,103.87
3,7,85,46,0.69286,0.99143,0.28571,5,0,-10.971,-0.0058118,431.04,103.87
3,7,85,46,0.70714,0.98794,0.25,4,0,-8.7555,-0.0058118,431.04,103.87
3,8,110,48,0.51507,0.99778,0.42466,15,0,-30.894,-0.0058118,431.04,103.87
3,8,110,48,0.56986,0.98041,0.39726,14,0,-28.592,-0.0058118,431.04,103.87
3,8,110,48,0.53699,0.99259,0.36986,14,0,-28.9,-0.0058118,431.04,103.87
3,8,110,48,0.5589,0.98449,0.39726,14,0,-28.589,-0.0058118,431.04,103.87
3,8,110,48,0.56438,0.98449,0.34247,13,0,-26.958,-0.0058118,431.04,103.87
3,8,110,48,0.54247,0.99446,0.36986,14,0,-28.65,-0.0058118,431.04,103.87
4,9,80,58,0.81875,0.98467,0.09375,0,0,-0.92053,-0.0019999,63.131,132.77
4,9,80,58,0.74375,0.98078,0.1875,0,0,-0.79433,-0.0019999,63.131,132.77
4,9,80,58,0.80625,0.99968,0.15625,0,0,-0.81635,-0.0019999,63.131,132.77
4,9,80,58,0.75625,0.96204,0.1875,0,0,-0.76793,-0.0019999,63.131,132.77
4,9,80,58,0.79375,0.99011,0.15625,0,0,-0.97099,-0.0019999,63.131,132.77
4,9,80,58,0.7875,0.99011,0.125,0,0,-0.87651,-0.0019999,63.131,132.77
4,10,110,36,0.50133,0.97671,0.41333,7,0,-14.611,-0.0019999,63.131,132.77
4,10,110,36,0.53333,0.97671,0.41333,6,0,-12.915,-0.0019999,63.131,132.77
4,10,110,36,0.512,0.98363,0.46667,6,0,-12.876,-0.0019999,63.131,132.77
4,10,110,36,0.53333,0.97671,0.41333,6,0,-12.557,-0.0019999,63.131,132.77
4,10,110,36,0.53333,0.97671,0.41333,5,0,-10.946,-0.0019999,63.131,132.77
4,10,110,36,0.53333,0.97671,0.36,5,0,-10.645,-0.0019999,63.131,132.77
5,11,130,44,0.384,0.9858,0.44,15,0,-30.557,0.0029879,461.69,127.6
5,11,130,44,0.388,0.9858,0.52,15,0,-30.72,0.0029879,461.69,127.6
5,11,130,44,0.4,0.9858,0.52,15,0,-30.856,0.0029879,461.69,127.6
5,11,130,44,0.392,0.9858,0.52,15,0,-30.428,0.0029879,461.69,127.6
5,11,130,44,0.4,0.9858,0.56,15,0,-30.921,0.0029879,461.69,127.6
5,11,130,44,0.416,0.9858,0.44,15,0,-30.587,0.0029879,461.69,127.6
5,12,110,54,0.67654,0.99697,0.25926,4,0,-8.9833,0.0029879,461.69,127.6
5,12,110,54,0.66667,0.99697,0.30864,4,0,-8.9759,0.0029879,461.69,127.6
5,12,110,54,0.65679,0.99697,0.28395,5,0,-10.945,0.0029879,461.69,127.6
5,12,110,54,0.67654,0.99697,0.28395,4,0,-8.6944,0.0029879,461.69,127.6
5,12,110,54,0.64691,0.99697,0.30864,5,0,-10.961,0.0029879,461.69,127.6
5,12,110,54,0.66173,0.99524,0.25926,4,0,-8.7513,0.0029879,461.69,127.6
6,13,95,48,0.63662,0.99638,0.23944,7,0,-14.829,-0.0031855,110.96,170.97
6,13,95,48,0.60282,0.98521,0.35211,8,0,-16.783,-0.0031855,110.96,170.97
6,13,95,48,0.56338,0.99563,0.38028,7,0,-14.986,-0.0031855,110.96,170.97
6,13,95,48,0.61972,0.99638,0.29577,7,0,-14.638,-0.0031855,110.96,170.97
6,13,95,48,0.63099,0.99638,0.23944,7,0,-14.97,-0.0031855,110.96,170.97
6,13,95,48,0.63662,0.99638,0.21127,7,0,-14.785,-0.0031855,110.96,170.97
6,14,125,65,0.64842,0.98595,0.22105,4,0,-8.8325,-0.0031855,110.96,170.97
6,14,125,65,0.62316,0.98595,0.28421,4,0,-8.695,-0.0031855,110.96,170.97
6,14,125,65,0.66105,0.98595,0.22105,4,0,-8.8116,-0.0031855,110.96,170.97
6,14,125,65,0.65263,0.9881,0.24211,4,0,-8.6843,-0.0031855,110.96,170.97
6,14,125,65,0.60211,0.99517,0.32632,4,0,-8.9455,-0.0031855,110.96,170.97
6,14,125,65,0.62526,0.98595,0.23158,4,0,-8.7739,-0.0031855,110.96,170.97
7,15,110,36,0.43951,0.98563,0.30864,11,0,-22.455,-0.0045348,402.6,90.33
7,15,110,36,0.42963,0.98563,0.40741,11,0,-22.625,-0.0045348,402.6,90.33
7,15,110,36,0.4642,0.98563,0.50617,11,0,-22.729,-0.0045348,402.6,90.33
7,15,110,36,0.45432,0.98563,0.45679,11,0,-22.476,-0.0045348,402.6,90.33
7,15,110,36,0.45926,0.98563,0.33333,11,0,-22.933,-0.0045348,402.6,90.33
7,15,110,36,0.44444,0.98563,0.35802,11,0,-22.651,-0.0045348,402.6,90.33
7,16,110,47,0.57391,0.995,0.33333,11,0,-22.925,-0.0045348,402.6,90.33
7,16,110,47,0.57971,0.9994,0.36232,11,0,-22.701,-0.0045348,402.6,90.33
7,16,110,47,0.5971,0.9994,0.27536,10,0,-20.724,-0.0045348,402.6,90.33
7,16,110,47,0.6029,0.9994,0.30435,10,0,-20.631,-0.0045348,402.6,90.33
7,16,110,47,0.58551,0.98858,0.33333,10,0,-20.947,-0.0045348,402.6,90.33
7,16,110,47,0.6029,0.9994,0.36232,10,0,-20.656,-0.0045348,402.6,90.33
8,17,125,69,0.61839,0.99279,0.26437,16,0,-32.93,-0.011195,395.32,163.87
8,17,125,69,0.63908,0.9967,0.31034,15,0,-30.691,-0.011195,395.32,163.87
8,17,125,69,0.65287,0.99926,0.31034,14,0,-28.878,-0.011195,395.32,163.87
8,17,125,69,0.65517,0.9967,0.28736,14,0,-28.682,-0.011195,395.32,163.87
8,17,125,69,0.63908,0.9967,0.31034,14,0,-28.957,-0.011195,395.32,163.87
8,17,125,69,0.62989,0.99279,0.33333,15,0,-30.678,-0.011195,395.32,163.87
8,18,85,52,0.74595,0.99391,0.10811,3,0,-6.8243,-0.011195,395.32,163.87
8,18,85,52,0.73514,0.99391,0.16216,3,0,-6.7973,-0.011195,395.32,163.87
8,18,85,52,0.74054,0.94998,0.13514,3,0,-6.9059,-0.011195,395.32,163.87
8,18,85,52,0.68108,0.99746,0.18919,3,0,-6.7124,-0.011195,395.32,163.87
8,18,85,52,0.74054,0.99391,0.13514,3,0,-6.9727,-0.011195,395.32,163.87
8,18,85,52,0.71892,0.99391,0.18919,3,0,-6.816,-0.011195,395.32,163.87
9,19,95,56,0.71613,0.98005,0.22581,5,0,-10.778,0.003213,103.95,106.36
9,19,95,56,0.68387,0.97734,0.29032,5,0,-10.881,0.003213,103.95,106.36
9,19,95,56,0.70323,0.99755,0.25806,5,0,-10.73,0.003213,103.95,106.36
9,19,95,56,0.70968,0.99517,0.22581,4,0,-8.7241,0.003213,103.95,106.36
9,19,95,56,0.69032,0.99755,0.16129,6,0,-12.968,0.003213,103.95,106.36
9,19,95,56,0.69677,0.99755,0.19355,5,0,-10.818,0.003213,103.95,106.36
9,20,90,30,0.475,0.93428,0.375,7,0,-14.559,0.003213,103.95,106.36
9,20,90,30,0.4875,0.93428,0.4375,7,0,-14.563,0.003213,103.95,106.36
9,20,90,30,0.475,0.99786,0.4375,7,0,-14.739,0.003213,103.95,106.36
9,20,90,30,0.4875,0.93428,0.375,7,0,-14.518,0.003213,103.95,106.36
9,20,90,30,0.475,0.99786,0.375,7,0,-14.943,0.003213,103.95,106.36
9,20,90,30,0.5,0.99201,0.375,7,0,-14.654,0.003213,103.95,106.36
10,21,80,44,0.69231,0.98916,0.23077,5,0,-10.861,-0.016976,33.461,166.85
10,21,80,44,0.7,0.9932,0.19231,5,0,-10.818,-0.016976,33.461,166.85
10,21,80,44,0.7,0.98171,0.19231,5,0,-10.891,-0.016976,33.461,166.85
10,21,80,44,0.7,0.99847,0.23077,5,0,-10.722,-0.016976,33.461,166.85
10,21,80,44,0.70769,0.98971,0.19231,4,0,-8.966,-0.016976,33.461,166.85
10,21,80,44,0.63077,0.99944,0.23077,6,0,-12.776,-0.016976,33.461,166.85
10,22,80,69,0.85517,0.99986,0.086207,0,0,-0.88024,-0.016976,33.461,166.85
10,22,80,69,0.83103,0.99934,0.10345,0,0,-0.8503,-0.016976,33.461,166.85
10,22,80,69,0.82069,0.99384,0.086207,0,0,-0.85867,-0.016976,33.461,166.85
10,22,80,69,0.75862,0.99384,0.12069,0,0,-0.77318,-0.016976,33.461,166.85
10,22,80,69,0.8,0.99384,0.10345,0,0,-0.97631,-0.016976,33.461,166.85
10,22,80,69,0.82414,0.99394,0.10345,0,0,-0.89508,-0.016976,33.461,166.85
11,23,100,37,0.39048,0.98615,0.47619,15,0,-30.453,0.0091851,397.79,120.32
11,23,100,37,0.37143,0.98615,0.47619,15,0,-30.536,0.0091851,397.79,120.32
11,23,100,37,0.37143,0.98615,0.57143,15,0,-30.435,0.0091851,397.79,120.32
11,23,100,37,0.37143,0.98615,0.52381,15,0,-30.422,0.0091851,397.79,120.32
11,23,100,37,0.39048,0.98615,0.42857,15,0,-30.947,0.0091851,397.79,120.32
11,23,100,37,0.38095,0.98615,0.33333,15,0,-30.66,0.0091851,397.79,120.32
11,24,90,59,0.68169,0.99295,0.29577,4,0,-8.7427,0.0091851,397.79,120.32
11,24,90,59,0.69296,0.99323,0.1831,5,0,-10.837,0.0091851,397.79,120.32
11,24,90,59,0.73239,0.99511,0.23944,4,0,-8.9932,0.0091851,397.79,120.32
11,24,90,59,0.72113,0.97905,0.15493,5,0,-10.744,0.0091851,397.79,120.32
11,24,90,59,0.74366,0.99323,0.15493,5,0,-10.971,0.0091851,397.79,120.32
11,24,90,59,0.72676,0.9747,0.1831,4,0,-8.8183,0.0091851,397.79,120.32
12,25,100,53,0.64471,0.97,0.29412,9,0,-18.932,0.0097419,117.17,155.56
12,25,100,53,0.64,0.98819,0.29412,9,0,-18.704,0.0097419,117.17,155.56
12,25,100,53,0.65412,0.9881,0.29412,9,0,-18.785,0.0097419,117.17,155.56
12,25,100,53,0.63529,0.98819,0.31765,9,0,-18.653,0.0097419,117.17,155.56
12,25,100,53,0.66353,0.97647,0.24706,9,0,-18.95,0.0097419,117.17,155.56
12,25,100,53,0.63529,0.97,0.22353,9,0,-18.776,0.0097419,117.17,155.56
12,26,70,58,0.81176,0.99169,0.13725,0,0,-0.86198,0.0097419,117.17,155.56
12,26,70,58,0.84706,0.99855,0.13725,0,0,-0.86195,0.0097419,117.17,155.56
12,26,70,58,0.81176,0.99783,0.17647,1,0,-2.9335,0.0097419,117.17,155.56
12,26,70,58,0.82353,0.98954,0.13725,0,0,-0.83233,0.0097419,117.17,155.56
12,26,70,58,0.81569,0.9854,0.13725,0,0,-0.96867,0.0097419,117.17,155.56
12,26,70,58,0.79216,0.99626,0.098039,0,0,-0.89729,0.0097419,117.17,155.56
13,27,115,36,0.4,0.98988,0.51111,12,0,-24.606,-0.0080461,218.98,152.13
13,27,115,36,0.4,0.98988,0.46667,12,0,-24.461,-0.0080461,218.98,152.13
13,27,115,36,0.4,0.98988,0.46667,12,0,-24.564,-0.0080461,218.98,152.13
13,27,115,36,0.4,0.98988,0.46667,12,0,-24.429,-0.0080461,218.98,152.13
13,27,115,36,0.4,0.98988,0.46667,12,0,-24.918,-0.0080461,218.98,152.13
13,27,115,36,0.4,0.98988,0.46667,12,0,-24.535,-0.0080461,218.98,152.13
13,28,80,69,0.86667,0.99819,0.10606,0,0,-0.89907,-0.0080461,218.98,152.13
13,28,80,69,0.87273,0.98692,0.090909,0,0,-0.9253,-0.0080461,218.98,152.13
13,28,80,69,0.83636,0.99843,0.12121,0,0,-0.93275,-0.0080461,218.98,152.13
13,28,80,69,0.79394,0.99296,0.15152,0,0,-0.80428,-0.0080461,218.98,152.13
13,28,80,69,0.80303,0.99843,0.15152,0,0,-0.98256,-0.0080461,218.98,152.13
13,28,80,69,0.82727,0.99819,0.12121,0,0,-0.88372,-0.0080461,218.98,152.13
14,29,100,59,0.65823,0.97868,0.18987,3,0,-6.8884,-0.0083645,4.7863,151.5
14,29,100,59,0.65316,0.99336,0.26582,3,0,-6.7591,-0.0083645,4.7863,151.5
14,29,100,59,0.7443,0.99271,0.18987,3,0,-6.8239,-0.0083645,4.7863,151.5
14,29,100,59,0.69367,0.97868,0.16456,3,0,-6.7108,-0.0083645,4.7863,151.5
14,29,100,59,0.71899,0.97868,0.13924,3,0,-6.9622,-0.0083645,4.7863,151.5
14,29,100,59,0.74177,0.99288,0.17722,3,0,-6.8287,-0.0083645,4.7863,151.5
14,30,70,47,0.775,0.99012,0.16667,3,0,-6.9129,-0.0083645,4.7863,151.5
14,30,70,47,0.76667,0.99012,0.16667,2,0,-4.7767,-0.0083645,4.7863,151.5
14,30,70,47,0.76667,0.99957,0.20833,4,0,-8.891,-0.0083645,4.7863,151.5
14,30,70,47,0.75833,0.99012,0.20833,3,0,-6.7684,-0.0083645,4.7863,151.5
14,30,70,47,0.76667,0.99313,0.16667,3,0,-6.9711,-0.0083645,4.7863,151.5
14,30,70,47,0.79167,0.99012,0.16667,2,0,-4.8388,-0.0083645,4.7863,151.5
15,31,95,44,0.67879,0.98345,0.24242,2,0,-4.8048,-0.021901,8.5185,177.83
15,31,95,44,0.64848,0.99706,0.27273,2,0,-4.8027,-0.021901,8.5185,177.83
15,31,95,44,0.65455,0.98345,0.21212,2,0,-4.7659,-0.021901,8.5185,177.83
15,31,95,44,0.64242,0.98325,0.27273,2,0,-4.6619,-0.021901,8.5185,177.83
15,31,95,44,0.67576,0.99769,0.27273,2,0,-4.9671,-0.021901,8.5185,177.83
15,31,95,44,0.66667,0.98345,0.21212,2,0,-4.7967,-0.021901,8.5185,177.83
15,32,105,69,0.8,0.98806,0.13415,0,0,-0.95213,-0.021901,8.5185,177.83
15,32,105,69,0.80488,0.9964,0.17073,0,0,-0.85905,-0.021901,8.5185,177.83
15,32,105,69,0.76341,0.98986,0.14634,0,0,-0.96813,-0.021901,8.5185,177.83
15,32,105,69,0.7878,0.98806,0.17073,0,0,-0.80509,-0.021901,8.5185,177.83
15,32,105,69,0.81707,0.99088,0.17073,0,0,-0.96985,-0.021901,8.5185,177.83
15,32,105,69,0.78293,0.99088,0.19512,1,0,-2.8125,-0.021901,8.5185,177.83
16,33,95,66,0.73231,0.97206,0.2,0,0,-0.86865,0.013498,244.7,140.31
16,33,95,66,0.72,0.99493,0.21538,0,0,-0.75413,0.013498,244.7,140.31
16,33,95,66,0.73231,0.99359,0.2,0,0,-0.94814,0.013498,244.7,140.31
16,33,95,66,0.73231,0.99709,0.2,0,0,-0.74772,0.013498,244.7,140.31
16,33,95,66,0.70154,0.99359,0.16923,0,0,-0.97846,0.013498,244.7,140.31
16,33,95,66,0.73231,0.9935,0.2,0,0,-0.81066,0.013498,244.7,140.31
16,34,100,35,0.42133,0.98401,0.52,13,0,-26.51,0.013498,244.7,140.31
16,34,100,35,0.42667,0.98401,0.52,13,0,-26.896,0.013498,244.7,140.31
16,34,100,35,0.42667,0.98401,0.52,13,0,-26.449,0.013498,244.7,140.31
16,34,100,35,0.42667,0.98401,0.52,13,0,-26.453,0.013498,244.7,140.31
16,34,100,35,0.42667,0.98401,0.46667,13,0,-26.932,0.013498,244.7,140.31
16,34,100,35,0.42667,0.98401,0.46667,13,0,-26.55,0.013498,244.7,140.31
17,35,100,31,0.33735,0.86723,0.61446,13,0,-26.518,0.00022095,237.37,137.88
17,35,100,31,0.32771,0.94506,0.42169,13,0,-26.72,0.00022095,237.37,137.88
17,35,100,31,0.32771,0.91355,0.42169,13,0,-26.636,0.00022095,237.37,137.88
17,35,100,31,0.34699,0.86723,0.61446,13,0,-26.375,0.00022095,237.37,137.88
17,35,100,31,0.32771,0.86723,0.56627,13,0,-26.81,0.00022095,237.37,137.88
17,35,100,31,0.32771,0.86723,0.61446,13,0,-26.4,0.00022095,237.37,137.88
17,36,70,70,0.84727,0.99816,0.072727,0,0,-0.87897,0.00022095,237.37,137.88
17,36,70,70,0.82909,0.99141,0.12727,0,0,-0.98149,0.00022095,237.37,137.88
17,36,70,70,0.86909,0.99568,0.036364,0,0,-0.95801,0.00022095,237.37,137.88
17,36,70,70,0.86909,0.98927,0.090909,0,0,-0.87932,0.00022095,237.37,137.88
17,36,70,70,0.84727,0.98672,0.054545,0,0,-0.97583,0.00022095,237.37,137.88
17,36,70,70,0.84364,0.97947,0.090909,0,0,-0.91197,0.00022095,237.37,137.88
18,37,115,42,0.53023,0.99791,0.34884,6,0,-12.611,0.0046628,78.118,96.19
18,37,115,42,0.53488,0.99791,0.30233,6,0,-12.612,0.0046628,78.118,96.19
18,37,115,42,0.53023,0.99791,0.34884,6,0,-12.645,0.0046628,78.118,96.19
18,37,115,42,0.54884,0.99791,0.39535,6,0,-12.585,0.0046628,78.118,96.19
18,37,115,42,0.53023,0.99791,0.39535,6,0,-12.956,0.0046628,78.118,96.19
18,37,115,42,0.53023,0.99791,0.39535,6,0,-12.618,0.0046628,78.118,96.19
18,38,105,36,0.48219,0.94559,0.45205,8,0,-16.753,0.0046628,78.118,96.19
18,38,105,36,0.48219,0.95476,0.39726,8,0,-16.625,0.0046628,78.118,96.19
18,38,105,36,0.48219,0.95578,0.39726,8,0,-16.732,0.0046628,78.118,96.19
18,38,105,36,0.48219,0.94559,0.45205,8,0,-16.509,0.0046628,78.118,96.19
18,38,105,36,0.49863,0.94559,0.34247,8,0,-16.903,0.0046628,78.118,96.19
18,38,105,36,0.47671,0.94559,0.39726,8,0,-16.608,0.0046628,78.118,96.19
19,39,95,45,0.60488,0.95987,0.31707,11,0,-22.647,-0.0059748,152.93,110.65
19,39,95,45,0.58537,0.95987,0.36585,11,0,-22.606,-0.0059748,152.93,110.65
19,39,95,45,0.59512,0.99229,0.31707,11,0,-22.968,-0.0059748,152.93,110.65
19,39,95,45,0.58537,0.95987,0.36585,11,0,-22.606,-0.0059748,152.93,110.65
19,39,95,45,0.58537,0.98271,0.36585,11,0,-22.949,-0.0059748,152.93,110.65
19,39,95,45,0.59512,0.95987,0.31707,11,0,-22.691,-0.0059748,152.93,110.65
19,40,110,46,0.58876,0.98758,0.32584,6,0,-12.766,-0.0059748,152.93,110.65
19,40,110,46,0.58427,0.99384,0.32584,6,0,-12.759,-0.0059748,152.93,110.65
19,40,110,46,0.60225,0.99811,0.37079,7,0,-14.85,-0.0059748,152.93,110.65
19,40,110,46,0.57528,0.99384,0.32584,6,0,-12.608,-0.0059748,152.93,110.65
19,40,110,46,0.59775,0.99384,0.37079,6,0,-12.955,-0.0059748,152.93,110.65
19,40,110,46,0.62022,0.99384,0.32584,6,0,-12.69,-0.0059748,152.93,110.65
20,41,90,38,0.5641,0.99501,0.30769,4,0,-8.7503,0.0027625,17.386,140.27
20,41,90,38,0.55385,0.99501,0.38462,4,0,-8.8729,0.0027625,17.386,140.27
20,41,90,38,0.58974,0.99501,0.30769,4,0,-8.8337,0.0027625,17.386,140.27
20,41,90,38,0.58462,0.99501,0.33333,4,0,-8.6192,0.0027625,17.386,140.27
20,41,90,38,0.55897,0.99501,0.23077,4,0,-8.9657,0.0027625,17.386,140.27
20,41,90,38,0.55897,0.99501,0.30769,4,0,-8.6928,0.0027625,17.386,140.27
20,42,120,58,0.66105,0.98855,0.22105,6,0,-12.798,0.0027625,17.386,140.27
20,42,120,58,0.66105,0.98855,0.2,6,0,-12.914,0.0027625,17.386,140.27
20,42,120,58,0.62737,0.96658,0.22105,6,0,-12.936,0.0027625,17.386,140.27
20,42,120,58,0.67368,0.9978,0.22105,6,0,-12.69,0.0027625,17.386,140.27
20,42,120,58,0.66526,0.95486,0.28421,6,0,-12.929,0.0027625,17.386,140.27
20,42,120,58,0.62737,0.97953,0.32632,6,0,-12.702,0.0027625,17.386,140.27
21,43,110,34,0.39101,0.98894,0.48315,10,0,-20.933,-0.0063341,113.33,74.403
21,43,110,34,0.4,0.9676,0.52809,10,0,-20.704,-0.0063341,113.33,74.403
21,43,110,34,0.39551,0.98894,0.50562,10,0,-20.97,-0.0063341,113.33,74.403
21,43,110,34,0.39551,0.98155,0.46067,10,0,-20.443,-0.0063341,113.33,74.403
21,43,110,34,0.40899,0.98894,0.4382,10,0,-20.935,-0.0063341,113.33,74.403
21,43,110,34,0.38652,0.9932,0.50562,10,0,-20.512,-0.0063341,113.33,74.403
21,44,95,33,0.53731,0.98586,0.40299,7,0,-14.871,-0.0063341,113.33,74.403
21,44,95,33,0.51343,0.98586,0.40299,7,0,-14.632,-0.0063341,113.33,74.403
21,44,95,33,0.50149,0.98587,0.46269,7,0,-14.708,-0.0063341,113.33,74.403
21,44,95,33,0.51343,0.98586,0.40299,7,0,-14.53,-0.0063341,113.33,74.403
21,44,95,33,0.50149,0.98586,0.46269,7,0,-14.943,-0.0063341,113.33,74.403
21,44,95,33,0.52537,0.98586,0.40299,7,0,-14.614,-0.0063341,113.33,74.403
22,45,115,32,0.24578,0.98527,0.61446,16,0,-32.561,-0.0077435,334.37,135.03
22,45,115,32,0.2747,0.98527,0.61446,16,0,-32.454,-0.0077435,334.37,135.03
22,45,115,32,0.26506,0.98527,0.54217,16,0,-32.737,-0.0077435,334.37,135.03
22,45,115,32,0.2506,0.98527,0.54217,16,0,-32.307,-0.0077435,334.37,135.03
22,45,115,32,0.24578,0.98527,0.66265,16,0,-32.904,-0.0077435,334.37,135.03
22,45,115,32,0.24578,0.98527,0.51807,16,0,-32.493,-0.0077435,334.37,135.03
22,46,100,69,0.83529,0.99549,0.12941,0,0,-0.93786,-0.0077435,334.37,135.03
22,46,100,69,0.84235,0.99355,0.12941,0,0,-0.96238,-0.0077435,334.37,135.03
22,46,100,69,0.80706,0.99606,0.11765,0,0,-0.94322,-0.0077435,334.37,135.03
22,46,100,69,0.84,0.9902,0.12941,0,0,-0.84597,-0.0077435,334.37,135.03
22,46,100,69,0.84706,0.99822,0.10588,0,0,-0.98792,-0.0077435,334.37,135.03
22,46,100,69,0.82118,0.99894,0.12941,0,0,-0.8757,-0.0077435,334.37,135.03
23,47,110,64,0.70698,0.98389,0.25581,10,0,-20.961,-0.0092021,82.65,173.62
23,47,110,64,0.69302,0.98111,0.25581,12,0,-24.769,-0.0092021,82.65,173.62
23,47,110,64,0.69767,0.98389,0.23256,11,0,-22.788,-0.0092021,82.65,173.62
23,47,110,64,0.73023,0.98111,0.2093,10,0,-20.739,-0.0092021,82.65,173.62
23,47,110,64,0.70698,0.98111,0.25581,10,0,-20.955,-0.0092021,82.65,173.62
23,47,110,64,0.72093,0.98536,0.25581,10,0,-20.757,-0.0092021,82.65,173.62
23,48,110,63,0.73913,0.98943,0.19565,5,0,-10.904,-0.0092021,82.65,173.62
23,48,110,63,0.72174,0.98583,0.17391,5,0,-10.863,-0.0092021,82.65,173.62
23,48,110,63,0.73043,0.97693,0.086957,5,0,-10.934,-0.0092021,82.65,173.62
23,48,110,63,0.75652,0.99072,0.17391,5,0,-10.764,-0.0092021,82.65,173.62
23,48,110,63,0.72609,0.99057,0.17391,5,0,-10.973,-0.0092021,82.65,173.62
23,48,110,63,0.73478,0.99508,0.19565,5,0,-10.812,-0.0092021,82.65,173.62
24,49,85,31,0.60741,0.97456,0.25926,3,0,-6.8799,-0.014119,89.972,69.489
24,49,85,31,0.65185,0.97456,0.25926,2,0,-4.7934,-0.014119,89.972,69.489
24,49,85,31,0.65185,0.97456,0.25926,2,0,-4.6662,-0.014119,89.972,69.489
24,49,85,31,0.65185,0.97456,0.25926,2,0,-4.6649,-0.014119,89.972,69.489
24,49,85,31,0.63704,0.97456,0.33333,2,0,-4.952,-0.014119,89.972,69.489
24,49,85,31,0.60741,0.99555,0.33333,3,0,-6.6859,-0.014119,89.972,69.489
24,50,105,39,0.55652,0.97661,0.42029,11,0,-22.695,-0.014119,89.972,69.489
24,50,105,39,0.55072,0.97661,0.30435,11,0,-22.652,-0.014119,89.972,69.489
24,50,105,39,0.55652,0.97661,0.42029,10,0,-20.579,-0.014119,89.972,69.489
24,50,105,39,0.54493,0.97661,0.36232,12,0,-24.566,-0.014119,89.972,69.489
24,50,105,39,0.55652,0.97661,0.42029,10,0,-20.927,-0.014119,89.972,69.489
24,50,105,39,0.54493,0.99229,0.42029,11,0,-22.6,-0.014119,89.972,69.489
25,51,110,58,0.65934,0.98607,0.2967,9,0,-18.721,-0.009662,71.368,172.09
25,51,110,58,0.67253,0.98607,0.2967,10,0,-20.779,-0.009662,71.368,172.09
25,51,110,58,0.65934,0.98607,0.27473,10,0,-20.685,-0.009662,71.368,172.09
25,51,110,58,0.66813,0.99701,0.2967,9,0,-18.682,-0.009662,71.368,172.09
25,51,110,58,0.65934,0.98607,0.2967,9,0,-18.948,-0.009662,71.368,172.09
25,51,110,58,0.68571,0.98607,0.16484,9,0,-18.829,-0.009662,71.368,172.09
25,52,90,66,0.83099,0.99797,0.12676,1,0,-2.8322,-0.009662,71.368,172.09
25,52,90,66,0.84225,0.99418,0.098592,1,0,-2.9188,-0.009662,71.368,172.09
25,52,90,66,0.82254,0.99348,0.098592,1,0,-2.8935,-0.009662,71.368,172.09
25,52,90,66,0.8507,0.98852,0.12676,1,0,-2.8583,-0.009662,71.368,172.09
25,52,90,66,0.82817,0.98852,0.12676,1,0,-2.9713,-0.009662,71.368,172.09
25,52,90,66,0.81408,0.99706,0.15493,1,0,-2.8565,-0.009662,71.368,172.09
26,53,100,66,0.78205,0.99424,0.15385,1,0,-2.7917,0.00052048,95.263,190.43
26,53,100,66,0.77436,0.98142,0.17949,1,0,-2.8066,0.00052048,95.263,190.43
26,53,100,66,0.80513,0.97728,0.15385,1,0,-2.8166,0.00052048,95.263,190.43
26,53,100,66,0.78462,0.9886,0.15385,1,0,-2.8,0.00052048,95.263,190.43
26,53,100,66,0.81795,0.99424,0.14103,1,0,-2.9814,0.00052048,95.263,190.43
26,53,100,66,0.79744,0.99466,0.14103,1,0,-2.8647,0.00052048,95.263,190.43
26,54,80,56,0.80548,0.99588,0.12329,1,0,-2.9019,0.00052048,95.263,190.43
26,54,80,56,0.82192,0.99636,0.09589,0,0,-0.86531,0.00052048,95.263,190.43
26,54,80,56,0.83836,0.99588,0.12329,0,0,-0.89514,0.00052048,95.263,190.43
26,54,80,56,0.83288,0.99588,0.12329,0,0,-0.84314,0.00052048,95.263,190.43
26,54,80,56,0.78356,0.99588,0.12329,0,0,-0.97931,0.00052048,95.263,190.43
26,54,80,56,0.8274,0.99588,0.12329,1,0,-2.882,0.00052048,95.263,190.43
0,1,80,47,0.61754,0.98266,0.29825,9,0,-18.704,-0.038781,149.95,108.43
0,1,80,47,0.61754,0.99505,0.29825,8,0,-16.769,-0.038781,149.95,108.43
0,1,80,47,0.63158,0.97334,0.26316,8,0,-16.771,-0.038781,149.95,108.43
0,1,80,47,0.63158,0.9698,0.29825,8,0,-16.647,-0.038781,149.95,108.43
0,1,80,47,0.65965,0.97334,0.19298,8,0,-16.948,-0.038781,149.95,108.43
0,1,80,47,0.6386,0.97334,0.29825,9,0,-18.705,-0.038781,149.95,108.43
0,2,75,42,0.70189,0.99883,0.20755,2,0,-4.9905,-0.038781,149.95,108.43
0,2,75,42,0.71698,0.99883,0.20755,1,0,-2.9727,-0.038781,149.95,108.43
0,2,75,42,0.72453,0.99883,0.20755,1,0,-2.7584,-0.038781,149.95,108.43
0,2,75,42,0.70189,0.99883,0.20755,2,0,-4.7253,-0.038781,149.95,108.43
0,2,75,42,0.71698,0.99883,0.20755,1,0,-2.9744,-0.038781,149.95,108.43
0,2,75,42,0.70943,0.99883,0.16981,2,0,-4.828,-0.038781,149.95,108.43
1,3,75,66,0.82143,0.99756,0.14286,0,0,-0.82456,-0.023174,110.33,140.38
1,3,75,66,0.83571,0.99296,0.14286,1,0,-2.9666,-0.023174,110.33,140.38
1,3,75,66,0.83571,0.99975,0.10714,0,0,-0.90273,-0.023174,110.33,140.38
1,3,75,66,0.80714,0.99756,0.14286,0,0,-0.82264,-0.023174,110.33,140.38
1,3,75,66,0.82857,0.99756,0.125,1,0,-2.987,-0.023174,110.33,140.38
1,3,75,66,0.82857,0.99756,0.125,1,0,-2.8809,-0.023174,110.33,140.38
1,4,80,38,0.54737,0.99378,0.33333,8,0,-16.694,-0.023174,110.33,140.38
1,4,80,38,0.60351,0.99378,0.29825,8,0,-16.897,-0.023174,110.33,140.38
1,4,80,38,0.56842,0.99378,0.33333,8,0,-16.656,-0.023174,110.33,140.38
1,4,80,38,0.58246,0.99868,0.33333,8,0,-16.613,-0.023174,110.33,140.38
1,4,80,38,0.56842,0.99378,0.40351,8,0,-16.947,-0.023174,110.33,140.38
1,4,80,38,0.60351,0.99378,0.22807,8,0,-16.779,-0.023174,110.33,140.38
2,5,85,62,0.7831,0.99312,0.12676,3,0,-6.8856,-0.068208,24.417,171.7
2,5,85,62,0.78592,0.99154,0.1831,4,0,-8.8965,-0.068208,24.417,171.7
2,5,85,62,0.74366,0.9892,0.21127,5,0,-10.88,-0.068208,24.417,171.7
2,5,85,62,0.78028,0.98557,0.12676,3,0,-6.7949,-0.068208,24.417,171.7
2,5,85,62,0.78873,0.99154,0.15493,4,0,-8.9739,-0.068208,24.417,171.7
2,5,85,62,0.77746,0.98557,0.1831,3,0,-6.8184,-0.068208,24.417,171.7
2,6,80,60,0.78246,0.99552,0.15789,3,0,-6.8934,-0.068208,24.417,171.7
2,6,80,60,0.78596,0.99983,0.15789,4,0,-8.9622,-0.068208,24.417,171.7
2,6,80,60,0.77895,0.99552,0.19298,3,0,-6.8123,-0.068208,24.417,171.7
2,6,80,60,0.78596,0.99552,0.15789,4,0,-8.799,-0.068208,24.417,171.7
2,6,80,60,0.76491,0.99552,0.19298,5,0,-10.975,-0.068208,24.417,171.7
2,6,80,60,0.78947,0.98675,0.19298,2,0,-4.8178,-0.068208,24.417,171.7
3,7,70,46,0.76735,0.9929,0.18367,1,0,-2.9398,-0.0074976,148.37,109.89
3,7,70,46,0.72653,0.99454,0.18367,3,0,-6.7904,-0.0074976,148.37,109.89
3,7,70,46,0.74286,0.99311,0.18367,1,0,-2.7931,-0.0074976,148.37,109.89
3,7,70,46,0.76735,0.98486,0.18367,1,0,-2.7794,-0.0074976,148.37,109.89
3,7,70,46,0.74286,0.9921,0.18367,2,0,-4.9708,-0.0074976,148.37,109.89
3,7,70,46,0.75102,0.99474,0.18367,1,0,-2.8219,-0.0074976,148.37,109.89
3,8,85,48,0.62807,0.98068,0.29825,10,0,-20.716,-0.0074976,148.37,109.89
3,8,85,48,0.62105,0.97484,0.36842,11,0,-22.634,-0.0074976,148.37,109.89
3,8,85,48,0.65965,0.99493,0.29825,11,0,-22.712,-0.0074976,148.37,109.89
3,8,85,48,0.64561,0.97484,0.22807,10,0,-20.674,-0.0074976,148.37,109.89
3,8,85,48,0.62105,0.98764,0.21053,11,0,-22.97,-0.0074976,148.37,109.89
3,8,85,48,0.68772,0.97484,0.26316,10,0,-20.742,-0.0074976,148.37,109.89
4,9,70,58,0.81481,0.99745,0.074074,0,0,-0.93062,-0.011118,15.907,137.51
4,9,70,58,0.74444,0.99328,0.11111,0,0,-0.96707,-0.011118,15.907,137.51
4,9,70,58,0.75926,0.98961,0.14815,0,0,-0.77036,-0.011118,15.907,137.51
4,9,70,58,0.82593,0.99387,0.14815,0,0,-0.83653,-0.011118,15.907,137.51
4,9,70,58,0.73704,0.99519,0.14815,0,0,-0.97346,-0.011118,15.907,137.51
4,9,70,58,0.86296,0.9955,0.092593,0,0,-0.91013,-0.011118,15.907,137.51
4,10,90,36,0.60606,0.99073,0.33333,3,0,-6.658,-0.011118,15.907,137.51
4,10,90,36,0.6303,0.99073,0.27273,3,0,-6.7574,-0.011118,15.907,137.51
4,10,90,36,0.58788,0.99428,0.33333,3,0,-6.7875,-0.011118,15.907,137.51
4,10,90,36,0.60606,0.99073,0.33333,4,0,-8.6266,-0.011118,15.907,137.51
4,10,90,36,0.61212,0.99073,0.27273,3,0,-6.9548,-0.011118,15.907,137.51
4,10,90,36,0.59394,0.99073,0.33333,3,0,-6.6771,-0.011118,15.907,137.51
5,11,100,44,0.63467,0.99368,0.25333,6,0,-12.871,-0.03062,37.017,131.52
5,11,100,44,0.59733,0.99368,0.22667,6,0,-12.84,-0.03062,37.017,131.52
5,11,100,44,0.61867,0.97831,0.30667,7,0,-14.743,-0.03062,37.017,131.52
5,11,100,44,0.64533,0.97831,0.28,6,0,-12.665,-0.03062,37.017,131.52
5,11,100,44,0.64533,0.97831,0.25333,6,0,-12.954,-0.03062,37.017,131.52
5,11,100,44,0.608,0.97831,0.36,7,0,-14.656,-0.03062,37.017,131.52
5,12,90,54,0.72727,0.9858,0.24242,2,0,-4.7428,-0.03062,37.017,131.52
5,12,90,54,0.74848,0.99853,0.21212,0,0,-0.78788,-0.03062,37.017,131.52
5,12,90,54,0.73939,0.98359,0.22727,0,0,-0.83095,-0.03062,37.017,131.52
5,12,90,54,0.72424,0.9868,0.19697,1,0,-2.7365,-0.03062,37.017,131.52
5,12,90,54,0.76061,0.9588,0.18182,0,0,-0.94459,-0.03062,37.017,131.52
5,12,90,54,0.7697,0.99139,0.15152,0,0,-0.85044,-0.03062,37.017,131.52
6,13,80,48,0.70164,0.98131,0.18033,3,0,-6.782,0.016577,11.727,176.36
6,13,80,48,0.78033,0.98766,0.14754,2,0,-4.8025,0.016577,11.727,176.36
6,13,80,48,0.72131,0.99018,0.21311,2,0,-4.9124,0.016577,11.727,176.36
6,13,80,48,0.73443,0.98611,0.21311,3,0,-6.7482,0.016577,11.727,176.36
6,13,80,48,0.72787,0.98766,0.2459,4,0,-8.9568,0.016577,11.727,176.36
6,13,80,48,0.74098,0.98761,0.18033,3,0,-6.8233,0.016577,11.727,176.36
6,14,95,65,0.70704,0.99412,0.11268,1,0,-2.7162,0.016577,11.727,176.36
6,14,95,65,0.68451,0.99089,0.12676,1,0,-2.9077,0.016577,11.727,176.36
6,14,95,65,0.72958,0.99528,0.12676,1,0,-2.8295,0.016577,11.727,176.36
6,14,95,65,0.7662,0.99818,0.12676,1,0,-2.7808,0.016577,11.727,176.36
6,14,95,65,0.70986,0.98994,0.15493,1,0,-2.9731,0.016577,11.727,176.36
6,14,95,65,0.72958,0.99709,0.1831,1,0,-2.8198,0.016577,11.727,176.36
7,15,90,36,0.55942,0.96709,0.34783,6,0,-12.844,0.00092288,43.669,96.389
7,15,90,36,0.55652,0.99877,0.36232,6,0,-12.826,0.00092288,43.669,96.389
7,15,90,36,0.5913,0.96939,0.30435,6,0,-12.64,0.00092288,43.669,96.389
7,15,90,36,0.5971,0.95484,0.36232,6,0,-12.624,0.00092288,43.669,96.389
7,15,90,36,0.6,0.97397,0.34783,6,0,-12.94,0.00092288,43.669,96.389
7,15,90,36,0.6058,0.95484,0.30435,6,0,-12.705,0.00092288,43.669,96.389
7,16,85,47,0.67636,0.98954,0.30909,6,0,-12.678,0.00092288,43.669,96.389
7,16,85,47,0.71273,0.9758,0.23636,7,0,-14.77,0.00092288,43.669,96.389
7,16,85,47,0.67636,0.98792,0.23636,7,0,-14.724,0.00092288,43.669,96.389
7,16,85,47,0.66182,0.96946,0.27273,8,0,-16.678,0.00092288,43.669,96.389
7,16,85,47,0.68364,0.98487,0.27273,6,0,-12.959,0.00092288,43.669,96.389
7,16,85,47,0.66182,0.98018,0.27273,6,0,-12.743,0.00092288,43.669,96.389
8,17,95,69,0.74328,0.99916,0.19403,4,0,-8.749,-0.073859,14.366,179.49
8,17,95,69,0.78507,0.99945,0.1791,2,0,-4.8791,-0.073859,14.366,179.49
8,17,95,69,0.79403,0.99916,0.16418,2,0,-4.8685,-0.073859,14.366,179.49
8,17,95,69,0.78209,0.99956,0.13433,2,0,-4.7934,-0.073859,14.366,179.49
8,17,95,69,0.78507,0.99916,0.19403,2,0,-4.98,-0.073859,14.366,179.49
8,17,95,69,0.75224,0.99735,0.22388,5,0,-10.781,-0.073859,14.366,179.49
8,18,70,52,0.78033,0.9975,0.11475,1,0,-2.7828,-0.073859,14.366,179.49
8,18,70,52,0.77705,0.99237,0.14754,1,0,-2.7927,-0.073859,14.366,179.49
8,18,70,52,0.75738,0.99441,0.11475,1,0,-2.7862,-0.073859,14.366,179.49
8,18,70,52,0.80984,0.99518,0.081967,1,0,-2.8275,-0.073859,14.366,179.49
8,18,70,52,0.78033,0.99153,0.11475,1,0,-2.9793,-0.073859,14.366,179.49
8,18,70,52,0.77049,0.98995,0.14754,1,0,-2.8545,-0.073859,14.366,179.49
9,19,75,56,0.80755,0.99829,0.09434,1,0,-2.822,-0.029997,12.861,109.3
9,19,75,56,0.79245,0.99203,0.16981,0,0,-0.85234,-0.029997,12.861,109.3
9,19,75,56,0.75472,0.98867,0.20755,3,0,-6.884,-0.029997,12.861,109.3
9,19,75,56,0.79245,0.98017,0.13208,3,0,-6.799,-0.029997,12.861,109.3
9,19,75,56,0.76981,0.99669,0.16981,2,0,-4.9744,-0.029997,12.861,109.3
9,19,75,56,0.81509,0.9959,0.16981,1,0,-2.8371,-0.029997,12.861,109.3
9,20,75,30,0.58824,0.99923,0.29412,5,0,-10.799,-0.029997,12.861,109.3
9,20,75,30,0.60392,0.99923,0.33333,4,0,-8.6195,-0.029997,12.861,109.3
9,20,75,30,0.61176,0.99923,0.29412,5,0,-10.678,-0.029997,12.861,109.3
9,20,75,30,0.54118,0.99923,0.33333,5,0,-10.574,-0.029997,12.861,109.3
9,20,75,30,0.60392,0.99923,0.29412,5,0,-10.957,-0.029997,12.861,109.3
9,20,75,30,0.57255,0.99923,0.33333,4,0,-8.6819,-0.029997,12.861,109.3
10,21,75,44,0.70588,0.98782,0.2549,3,0,-6.9423,0.015396,17.054,165.9
10,21,75,44,0.73725,0.99205,0.17647,4,0,-8.9004,0.015396,17.054,165.9
10,21,75,44,0.73725,0.99687,0.17647,5,0,-10.95,0.015396,17.054,165.9
10,21,75,44,0.7451,0.99687,0.17647,4,0,-8.7562,0.015396,17.054,165.9
10,21,75,44,0.73725,0.97831,0.21569,5,0,-10.956,0.015396,17.054,165.9
10,21,75,44,0.73725,0.99393,0.21569,3,0,-6.7863,0.015396,17.054,165.9
10,22,65,69,0.87755,0.99722,0.040816,0,0,-0.97056,0.015396,17.054,165.9
10,22,65,69,0.88571,0.99913,0.10204,0,0,-0.93197,0.015396,17.054,165.9
10,22,65,69,0.8898,0.99014,0.061224,0,0,-0.89244,0.015396,17.054,165.9
10,22,65,69,0.86122,0.98095,0.061224,0,0,-0.87366,0.015396,17.054,165.9
10,22,65,69,0.8898,0.99913,0.061224,0,0,-0.99282,0.015396,17.054,165.9
10,22,65,69,0.83673,0.99913,0.061224,0,0,-0.93959,0.015396,17.054,165.9
11,23,70,37,0.67368,0.99911,0.19298,7,0,-14.856,0.040676,49.359,132.99
11,23,70,37,0.62456,0.95489,0.36842,7,0,-14.72,0.040676,49.359,132.99
11,23,70,37,0.64561,0.93922,0.22807,7,0,-14.801,0.040676,49.359,132.99
11,23,70,37,0.64561,0.99911,0.29825,7,0,-14.661,0.040676,49.359,132.99
11,23,70,37,0.64561,0.96249,0.22807,7,0,-14.934,0.040676,49.359,132.99
11,23,70,37,0.67368,0.96597,0.22807,7,0,-14.787,0.040676,49.359,132.99
11,24,70,59,0.81509,0.9847,0.075472,0,0,-0.867,0.040676,49.359,132.99
11,24,70,59,0.77736,0.9822,0.075472,0,0,-0.94651,0.040676,49.359,132.99
11,24,70,59,0.83396,0.98022,0.09434,0,0,-0.89374,0.040676,49.359,132.99
11,24,70,59,0.8,0.99852,0.075472,0,0,-0.81349,0.040676,49.359,132.99
11,24,70,59,0.78113,0.97887,0.09434,0,0,-0.96708,0.040676,49.359,132.99
11,24,70,59,0.8566,0.99346,0.056604,0,0,-0.9425,0.040676,49.359,132.99
12,25,80,53,0.79385,0.99458,0.16923,4,0,-8.7988,0.0010627,6.3081,153.34
12,25,80,53,0.78769,0.98427,0.16923,4,0,-8.9782,0.0010627,6.3081,153.34
12,25,80,53,0.76923,0.99323,0.16923,4,0,-8.9366,0.0010627,6.3081,153.34
12,25,80,53,0.78769,0.99458,0.16923,4,0,-8.7973,0.0010627,6.3081,153.34
12,25,80,53,0.78769,0.98325,0.16923,4,0,-8.9635,0.0010627,6.3081,153.34
12,25,80,53,0.75692,0.98978,0.2,4,0,-8.8003,0.0010627,6.3081,153.34
12,26,65,58,0.83404,0.98552,0.06383,0,0,-0.92859,0.0010627,6.3081,153.34
12,26,65,58,0.80851,0.99738,0.12766,0,0,-0.94161,0.0010627,6.3081,153.34
12,26,65,58,0.82553,0.99203,0.10638,0,0,-0.86159,0.0010627,6.3081,153.34
12,26,65,58,0.84681,0.9955,0.06383,0,0,-0.86075,0.0010627,6.3081,153.34
12,26,65,58,0.8383,0.98739,0.10638,0,0,-0.97452,0.0010627,6.3081,153.34
12,26,65,58,0.80426,0.99274,0.10638,0,0,-0.89368,0.0010627,6.3081,153.34
13,27,90,36,0.53333,0.99696,0.33333,7,0,-14.812,0.012291,26.257,155.93
13,27,90,36,0.55556,0.99036,0.33333,7,0,-14.89,0.012291,26.257,155.93
13,27,90,36,0.53333,0.99036,0.33333,7,0,-14.643,0.012291,26.257,155.93
13,27,90,36,0.56667,0.99036,0.38889,7,0,-14.592,0.012291,26.257,155.93
13,27,90,36,0.56667,0.99036,0.33333,7,0,-14.95,0.012291,26.257,155.93
13,27,90,36,0.55556,0.97239,0.33333,7,0,-14.692,0.012291,26.257,155.93
13,28,65,69,0.84151,0.99952,0.075472,0,0,-0.91505,0.012291,26.257,155.93
13,28,65,69,0.75849,0.9992,0.11321,0,0,-0.93326,0.012291,26.257,155.93
13,28,65,69,0.81509,0.97604,0.09434,0,0,-0.94664,0.012291,26.257,155.93
13,28,65,69,0.88302,0.99772,0.056604,0,0,-0.88979,0.012291,26.257,155.93
13,28,65,69,0.83774,0.99193,0.056604,0,0,-0.98014,0.012291,26.257,155.93
13,28,65,69,0.8566,0.99069,0.037736,0,0,-0.95965,0.012291,26.257,155.93
14,29,80,59,0.82581,0.96457,0.096774,0,0,-0.91814,0.0080919,4.2174,154.1
14,29,80,59,0.79355,0.97277,0.096774,0,0,-0.89827,0.0080919,4.2174,154.1
14,29,80,59,0.77419,0.99959,0.12903,0,0,-0.97649,0.0080919,4.2174,154.1
14,29,80,59,0.7871,0.98503,0.12903,0,0,-0.80628,0.0080919,4.2174,154.1
14,29,80,59,0.7871,0.992,0.16129,0,0,-0.96676,0.0080919,4.2174,154.1
14,29,80,59,0.79355,0.97007,0.19355,0,0,-0.81728,0.0080919,4.2174,154.1
14,30,60,47,0.84444,0.99602,0.11111,0,0,-0.89718,0.0080919,4.2174,154.1
14,30,60,47,0.83556,0.99472,0.11111,1,0,-2.8972,0.0080919,4.2174,154.1
14,30,60,47,0.87111,0.99472,0.11111,1,0,-2.8774,0.0080919,4.2174,154.1
14,30,60,47,0.83111,0.99472,0.11111,1,0,-2.8399,0.0080919,4.2174,154.1
14,30,60,47,0.86222,0.99805,0.066667,0,0,-0.98921,0.0080919,4.2174,154.1
14,30,60,47,0.83556,0.99507,0.11111,2,0,-4.8912,0.0080919,4.2174,154.1
15,31,75,44,0.76863,0.98424,0.17647,1,0,-2.7857,-0.030418,0.4778,177.11
15,31,75,44,0.71765,0.98424,0.17647,1,0,-2.9176,-0.030418,0.4778,177.11
15,31,75,44,0.69804,0.99885,0.13725,1,0,-2.9465,-0.030418,0.4778,177.11
15,31,75,44,0.74902,0.98424,0.17647,1,0,-2.7604,-0.030418,0.4778,177.11
15,31,75,44,0.74118,0.98424,0.21569,1,0,-2.9665,-0.030418,0.4778,177.11
15,31,75,44,0.69804,0.98095,0.17647,1,0,-2.8239,-0.030418,0.4778,177.11
15,32,80,69,0.82373,0.99463,0.067797,0,0,-0.94387,-0.030418,0.4778,177.11
15,32,80,69,0.84068,0.98897,0.084746,0,0,-0.86114,-0.030418,0.4778,177.11
15,32,80,69,0.81356,0.99956,0.067797,0,0,-0.91998,-0.030418,0.4778,177.11
15,32,80,69,0.77288,0.99754,0.10169,0,0,-0.78992,-0.030418,0.4778,177.11
15,32,80,69,0.77627,0.99721,0.15254,0,0,-0.98075,-0.030418,0.4778,177.11
15,32,80,69,0.81356,0.99232,0.11864,0,0,-0.88104,-0.030418,0.4778,177.11
16,33,75,66,0.78113,0.99251,0.11321,0,0,-0.9132,-0.0092684,38.019,148.91
16,33,75,66,0.78868,0.99251,0.037736,0,0,-0.97073,-0.0092684,38.019,148.91
16,33,75,66,0.81132,0.99251,0.11321,0,0,-0.83768,-0.0092684,38.019,148.91
16,33,75,66,0.76226,0.99556,0.075472,0,0,-0.78075,-0.0092684,38.019,148.91
16,33,75,66,0.78491,0.99787,0.09434,0,0,-0.98433,-0.0092684,38.019,148.91
16,33,75,66,0.80377,0.96006,0.15094,0,0,-0.85458,-0.0092684,38.019,148.91
16,34,80,35,0.55238,0.99962,0.30159,9,0,-18.723,-0.0092684,38.019,148.91
16,34,80,35,0.55238,0.99962,0.33333,9,0,-18.658,-0.0092684,38.019,148.91
16,34,80,35,0.55238,0.99962,0.2381,9,0,-18.732,-0.0092684,38.019,148.91
16,34,80,35,0.55238,0.99962,0.36508,9,0,-18.593,-0.0092684,38.019,148.91
16,34,80,35,0.57143,0.99962,0.36508,9,0,-18.962,-0.0092684,38.019,148.91
16,34,80,35,0.58413,0.99962,0.36508,9,0,-18.655,-0.0092684,38.019,148.91
17,35,80,31,0.47164,0.97842,0.28358,7,0,-14.851,0.014797,5.7954,147.49
17,35,80,31,0.46567,0.97842,0.46269,7,0,-14.552,0.014797,5.7954,147.49
17,35,80,31,0.4597,0.96795,0.28358,7,0,-14.737,0.014797,5.7954,147.49
17,35,80,31,0.50746,0.96795,0.28358,7,0,-14.529,0.014797,5.7954,147.49
17,35,80,31,0.47164,0.97842,0.37313,7,0,-14.925,0.014797,5.7954,147.49
17,35,80,31,0.48358,0.97842,0.40299,7,0,-14.603,0.014797,5.7954,147.49
17,36,65,70,0.86792,0.96548,0.09434,0,0,-0.88469,0.014797,5.7954,147.49
17,36,65,70,0.8566,0.9771,0.09434,0,0,-0.96686,0.014797,5.7954,147.49
17,36,65,70,0.86792,0.99341,0.09434,0,0,-0.9625,0.014797,5.7954,147.49
17,36,65,70,0.91321,0.98827,0.037736,0,0,-0.9209,0.014797,5.7954,147.49
17,36,65,70,0.90943,0.98827,0.056604,0,0,-0.98152,0.014797,5.7954,147.49
17,36,65,70,0.88679,0.98827,0.075472,0,0,-0.92507,0.014797,5.7954,147.49
18,37,90,42,0.66667,0.99382,0.27273,3,0,-6.9046,0.032191,22.851,98.876
18,37,90,42,0.64242,0.99382,0.27273,3,0,-6.7842,0.032191,22.851,98.876
18,37,90,42,0.66061,0.96203,0.24242,3,0,-6.8536,0.032191,22.851,98.876
18,37,90,42,0.70303,0.99382,0.24242,2,0,-4.7174,0.032191,22.851,98.876
18,37,90,42,0.65455,0.99382,0.24242,3,0,-6.9626,0.032191,22.851,98.876
18,37,90,42,0.67273,0.99382,0.18182,3,0,-6.8291,0.032191,22.851,98.876
18,38,90,36,0.53939,0.97702,0.27273,7,0,-14.707,0.032191,22.851,98.876
18,38,90,36,0.51515,0.97818,0.36364,7,0,-14.749,0.032191,22.851,98.876
18,38,90,36,0.51515,0.99892,0.33333,7,0,-14.569,0.032191,22.851,98.876
18,38,90,36,0.50303,0.97702,0.39394,7,0,-14.55,0.032191,22.851,98.876
18,38,90,36,0.50303,0.97702,0.33333,7,0,-14.929,0.032191,22.851,98.876
18,38,90,36,0.53939,0.97702,0.33333,7,0,-14.666,0.032191,22.851,98.876
19,39,80,45,0.69565,0.98941,0.21739,6,0,-12.809,-0.010113,13.026,117.15
19,39,80,45,0.72464,0.98941,0.18841,6,0,-12.799,-0.010113,13.026,117.15
19,39,80,45,0.69565,0.98787,0.21739,6,0,-12.734,-0.010113,13.026,117.15
19,39,80,45,0.71884,0.98302,0.24638,6,0,-12.727,-0.010113,13.026,117.15
19,39,80,45,0.68406,0.97147,0.24638,6,0,-12.941,-0.010113,13.026,117.15
19,39,80,45,0.73623,0.98941,0.21739,5,0,-10.785,-0.010113,13.026,117.15
19,40,85,46,0.73125,0.98413,0.21875,2,0,-4.7758,-0.010113,13.026,117.15
19,40,85,46,0.69688,0.99727,0.17188,3,0,-6.7911,-0.010113,13.026,117.15
19,40,85,46,0.64687,0.99474,0.3125,3,0,-6.7822,-0.010113,13.026,117.15
19,40,85,46,0.71875,0.98463,0.25,2,0,-4.7347,-0.010113,13.026,117.15
19,40,85,46,0.67812,0.97381,0.1875,3,0,-6.9545,-0.010113,13.026,117.15
19,40,85,46,0.70625,0.99234,0.1875,2,0,-4.81,-0.010113,13.026,117.15
20,41,75,38,0.62154,0.98313,0.16923,3,0,-6.6623,-0.0018734,0.42986,145.32
20,41,75,38,0.62154,0.95691,0.26154,3,0,-6.8077,-0.0018734,0.42986,145.32
20,41,75,38,0.62154,0.95691,0.32308,3,0,-6.7278,-0.0018734,0.42986,145.32
20,41,75,38,0.68923,0.97885,0.2,3,0,-6.7068,-0.0018734,0.42986,145.32
20,41,75,38,0.56,0.99191,0.23077,3,0,-6.9656,-0.0018734,0.42986,145.32
20,41,75,38,0.62154,0.98313,0.26154,3,0,-6.7436,-0.0018734,0.42986,145.32
20,42,90,58,0.75143,0.99207,0.2,1,0,-2.9044,-0.0018734,0.42986,145.32
20,42,90,58,0.72857,0.98394,0.22857,1,0,-2.7358,-0.0018734,0.42986,145.32
20,42,90,58,0.75429,0.99207,0.17143,1,0,-2.922,-0.0018734,0.42986,145.32
20,42,90,58,0.76571,0.99207,0.17143,1,0,-2.7769,-0.0018734,0.42986,145.32
20,42,90,58,0.77143,0.99268,0.17143,1,0,-2.9694,-0.0018734,0.42986,145.32
20,42,90,58,0.76571,0.99861,0.17143,1,0,-2.8337,-0.0018734,0.42986,145.32
21,43,85,34,0.6,0.99486,0.24242,3,0,-6.6115,-0.0092614,23.467,75.935
21,43,85,34,0.59394,0.98364,0.33333,3,0,-6.6724,-0.0092614,23.467,75.935
21,43,85,34,0.62424,0.99486,0.27273,3,0,-6.7496,-0.0092614,23.467,75.935
21,43,85,34,0.61818,0.99486,0.33333,3,0,-6.6295,-0.0092614,23.467,75.935
21,43,85,34,0.62424,0.99486,0.33333,3,0,-6.9532,-0.0092614,23.467,75.935
21,43,85,34,0.60606,0.99486,0.27273,3,0,-6.7267,-0.0092614,23.467,75.935
21,44,75,33,0.56154,0.99137,0.34615,7,0,-14.645,-0.0092614,23.467,75.935
21,44,75,33,0.57692,0.99137,0.34615,8,0,-16.954,-0.0092614,23.467,75.935
21,44,75,33,0.59231,0.99137,0.23077,7,0,-14.934,-0.0092614,23.467,75.935
21,44,75,33,0.60769,0.99701,0.30769,7,0,-14.627,-0.0092614,23.467,75.935
21,44,75,33,0.57692,0.99137,0.34615,7,0,-14.939,-0.0092614,23.467,75.935
21,44,75,33,0.59231,0.99137,0.30769,7,0,-14.696,-0.0092614,23.467,75.935
22,45,90,32,0.50303,0.99398,0.45455,7,0,-14.557,-0.02295,9.5591,145.61
22,45,90,32,0.47879,0.99398,0.36364,7,0,-14.584,-0.02295,9.5591,145.61
22,45,90,32,0.47879,0.99398,0.42424,7,0,-14.613,-0.02295,9.5591,145.61
22,45,90,32,0.49697,0.99398,0.39394,7,0,-14.526,-0.02295,9.5591,145.61
22,45,90,32,0.50303,0.99398,0.39394,7,0,-14.948,-0.02295,9.5591,145.61
22,45,90,32,0.47879,0.99398,0.45455,7,0,-14.56,-0.02295,9.5591,145.61
22,46,80,69,0.83125,0.99121,0.125,0,0,-0.87388,-0.02295,9.5591,145.61
22,46,80,69,0.81563,0.98579,0.125,0,0,-0.83625,-0.02295,9.5591,145.61
22,46,80,69,0.825,0.99888,0.10938,0,0,-0.90163,-0.02295,9.5591,145.61
22,46,80,69,0.8375,0.96677,0.125,0,0,-0.84331,-0.02295,9.5591,145.61
22,46,80,69,0.7875,0.99253,0.125,0,0,-0.97744,-0.02295,9.5591,145.61
22,46,80,69,0.83125,0.99842,0.10938,0,0,-0.88657,-0.02295,9.5591,145.61
23,47,90,64,0.78333,0.99267,0.16667,3,0,-6.9341,0.17909,4.1024,188.12
23,47,90,64,0.85,0.98923,0.11111,2,0,-4.9133,0.17909,4.1024,188.12
23,47,90,64,0.81667,0.98923,0.11111,3,0,-6.9622,0.17909,4.1024,188.12
23,47,90,64,0.8,0.98187,0.083333,4,0,-8.8169,0.17909,4.1024,188.12
23,47,90,64,0.81111,0.99664,0.11111,2,0,-4.9766,0.17909,4.1024,188.12
23,47,90,64,0.81667,0.98775,0.16667,3,0,-6.8381,0.17909,4.1024,188.12
23,48,90,63,0.80845,0.99595,0.11268,1,0,-2.9127,0.17909,4.1024,188.12
23,48,90,63,0.78873,0.99014,0.11268,1,0,-2.8296,0.17909,4.1024,188.12
23,48,90,63,0.8169,0.9906,0.12676,2,0,-4.8747,0.17909,4.1024,188.12
23,48,90,63,0.83662,0.99595,0.15493,1,0,-2.8474,0.17909,4.1024,188.12
23,48,90,63,0.80845,0.99777,0.12676,2,0,-4.9773,0.17909,4.1024,188.12
23,48,90,63,0.80845,0.99012,0.12676,1,0,-2.8784,0.17909,4.1024,188.12
24,49,75,31,0.71837,0.9241,0.26531,1,0,-2.7995,0.042677,42.216,71.093
24,49,75,31,0.69388,0.95931,0.22449,1,0,-2.8352,0.042677,42.216,71.093
24,49,75,31,0.6449,0.99853,0.26531,2,0,-4.9305,0.042677,42.216,71.093
24,49,75,31,0.62857,0.94986,0.30612,3,0,-6.6389,0.042677,42.216,71.093
24,49,75,31,0.69388,0.97944,0.26531,1,0,-2.9539,0.042677,42.216,71.093
24,49,75,31,0.68571,0.9241,0.26531,2,0,-4.7519,0.042677,42.216,71.093
24,50,80,39,0.66415,0.99213,0.24528,8,0,-16.848,0.042677,42.216,71.093
24,50,80,39,0.61132,0.98401,0.32075,9,0,-18.64,0.042677,42.216,71.093
24,50,80,39,0.66415,0.98775,0.20755,8,0,-16.755,0.042677,42.216,71.093
24,50,80,39,0.66415,0.99213,0.20755,8,0,-16.689,0.042677,42.216,71.093
24,50,80,39,0.63396,0.98775,0.24528,8,0,-16.96,0.042677,42.216,71.093
24,50,80,39,0.67925,0.98775,0.24528,8,0,-16.766,0.042677,42.216,71.093
25,51,80,58,0.7746,0.99782,0.14286,8,0,-16.96,0.073841,80.666,173.16
25,51,80,58,0.7873,0.97221,0.11111,8,0,-16.954,0.073841,80.666,173.16
25,51,80,58,0.79365,0.98984,0.14286,8,0,-16.894,0.073841,80.666,173.16
25,51,80,58,0.7746,0.99704,0.20635,8,0,-16.786,0.073841,80.666,173.16
25,51,80,58,0.76825,0.97386,0.14286,9,0,-18.957,0.073841,80.666,173.16
25,51,80,58,0.75556,0.99397,0.1746,8,0,-16.832,0.073841,80.666,173.16
25,52,75,66,0.84138,0.99395,0.13793,0,0,-0.86557,0.073841,80.666,173.16
25,52,75,66,0.85172,0.99839,0.12069,0,0,-0.95959,0.073841,80.666,173.16
25,52,75,66,0.85517,0.99773,0.10345,0,0,-0.92769,0.073841,80.666,173.16
25,52,75,66,0.85517,0.9798,0.068966,0,0,-0.86253,0.073841,80.666,173.16
25,52,75,66,0.83793,0.99395,0.068966,0,0,-0.98313,0.073841,80.666,173.16
25,52,75,66,0.87241,0.99395,0.10345,0,0,-0.90047,0.073841,80.666,173.16
26,53,80,66,0.81587,0.99788,0.11111,0,0,-0.96158,-0.022887,2.8313,190.24
26,53,80,66,0.79048,0.9815,0.079365,0,0,-0.94316,-0.022887,2.8313,190.24
26,53,80,66,0.80952,0.99305,0.079365,0,0,-0.84981,-0.022887,2.8313,190.24
26,53,80,66,0.8254,0.98367,0.079365,0,0,-0.83805,-0.022887,2.8313,190.24
26,53,80,66,0.83175,0.98158,0.11111,0,0,-0.96831,-0.022887,2.8313,190.24
26,53,80,66,0.87302,0.993,0.095238,0,0,-0.9062,-0.022887,2.8313,190.24
26,54,65,56,0.84151,0.99495,0.075472,0,0,-0.92503,-0.022887,2.8313,190.24
26,54,65,56,0.81132,0.97447,0.075472,0,0,-0.82775,-0.022887,2.8313,190.24
26,54,65,56,0.79623,0.97447,0.056604,0,0,-0.94039,-0.022887,2.8313,190.24
26,54,65,56,0.83396,0.9944,0.056604,0,0,-0.84943,-0.022887,2.8313,190.24
26,54,65,56,0.79623,0.99361,0.09434,0,0,-0.97809,-0.022887,2.8313,190.24
26,54,65,56,0.83396,0.98828,0.075472,0,0,-0.9256,-0.022887,2.8313,190.24
27,55,80,55,0.77037,0.99674,0.2037,2,0,-4.8202,0.019383,1.1192,177.36
27,55,80,55,0.77778,0.99914,0.2037,2,0,-4.8878,0.019383,1.1192,177.36
27,55,80,55,0.76296,0.99674,0.18519,2,0,-4.9323,0.019383,1.1192,177.36
27,55,80,55,0.78148,0.99674,0.18519,3,0,-6.7923,0.019383,1.1192,177.36
27,55,80,55,0.7963,0.99674,0.18519,3,0,-6.9751,0.019383,1.1192,177.36
27,55,80,55,0.79259,0.99674,0.18519,2,0,-4.8281,0.019383,1.1192,177.36
27,56,80,66,0.82295,0.98302,0.11475,0,0,-0.84404,0.019383,1.1192,177.36
27,56,80,66,0.77377,0.99837,0.18033,0,0,-0.80642,0.019383,1.1192,177.36
27,56,80,66,0.77705,0.9937,0.14754,0,0,-0.8008,0.019383,1.1192,177.36
27,56,80,66,0.82295,0.9671,0.11475,0,0,-0.83061,0.019383,1.1192,177.36
27,56,80,66,0.80984,0.99553,0.14754,0,0,-0.98218,0.019383,1.1192,177.36
27,56,80,66,0.77377,0.991,0.11475,0,0,-0.88585,0.019383,1.1192,177.36
28,57,80,38,0.59355,0.999,0.16129,4,0,-8.8965,-0.045755,21.359,142.55
28,57,80,38,0.58065,0.999,0.3871,4,0,-8.8399,-0.045755,21.359,142.55
28,57,80,38,0.59677,0.99758,0.16129,4,0,-8.773,-0.045755,21.359,142.55
28,57,80,38,0.56774,0.99758,0.32258,4,0,-8.5904,-0.045755,21.359,142.55
28,57,80,38,0.56774,0.999,0.29032,4,0,-8.9605,-0.045755,21.359,142.55
28,57,80,38,0.55161,0.999,0.27419,4,0,-8.7298,-0.045755,21.359,142.55
28,58,85,57,0.73231,0.99592,0.13846,0,0,-0.89484,-0.045755,21.359,142.55
28,58,85,57,0.74462,0.99592,0.16923,0,0,-0.96039,-0.045755,21.359,142.55
28,58,85,57,0.76308,0.99592,0.13846,0,0,-0.88693,-0.045755,21.359,142.55
28,58,85,57,0.78769,0.99592,0.16923,0,0,-0.7971,-0.045755,21.359,142.55
28,58,85,57,0.72,0.9976,0.16923,0,0,-0.97777,-0.045755,21.359,142.55
28,58,85,57,0.75692,0.99375,0.2,0,0,-0.80689,-0.045755,21.359,142.55
29,59,80,52,0.72857,0.99854,0.14286,0,0,-0.85787,0.027926,3.614,146.51
29,59,80,52,0.72857,0.99977,0.23214,0,0,-0.75588,0.027926,3.614,146.51
29,59,80,52,0.76429,0.96744,0.14286,0,0,-0.80223,0.027926,3.614,146.51
29,59,80,52,0.75357,0.99288,0.17857,0,0,-0.7706,0.027926,3.614,146.51
29,59,80,52,0.78929,0.99171,0.14286,0,0,-0.9761,0.027926,3.614,146.51
29,59,80,52,0.775,0.95142,0.14286,0,0,-0.85528,0.027926,3.614,146.51
29,60,80,49,0.74909,0.99896,0.16364,2,0,-4.8828,0.027926,3.614,146.51
29,60,80,49,0.79273,0.99896,0.16364,2,0,-4.8973,0.027926,3.614,146.51
29,60,80,49,0.79273,0.99896,0.12727,2,0,-4.8978,0.027926,3.614,146.51
29,60,80,49,0.77091,0.99978,0.16364,2,0,-4.7825,0.027926,3.614,146.51
29,60,80,49,0.77818,0.99896,0.16364,2,0,-4.9795,0.027926,3.614,146.51
29,60,80,49,0.8,0.98171,0.16364,2,0,-4.8446,0.027926,3.614,146.51
30,61,70,46,0.79245,0.98482,0.13208,1,0,-2.8809,-0.013716,3.4329,111.75
30,61,70,46,0.76981,0.95186,0.13208,1,0,-2.8267,-0.013716,3.4329,111.75
30,61,70,46,0.73962,0.99179,0.16981,1,0,-2.8423,-0.013716,3.4329,111.75
30,61,70,46,0.78491,0.96779,0.13208,1,0,-2.799,-0.013716,3.4329,111.75
30,61,70,46,0.78491,0.96779,0.13208,2,0,-4.9495,-0.013716,3.4329,111.75
30,61,70,46,0.77736,0.97317,0.13208,1,0,-2.8692,-0.013716,3.4329,111.75
30,62,65,38,0.75918,0.98334,0.18367,2,0,-4.7668,-0.013716,3.4329,111.75
30,62,65,38,0.75102,0.98334,0.18367,2,0,-4.8634,-0.013716,3.4329,111.75
30,62,65,38,0.75918,0.98334,0.18367,3,0,-6.791,-0.013716,3.4329,111.75
30,62,65,38,0.71837,0.98334,0.22449,3,0,-6.7318,-0.013716,3.4329,111.75
30,62,65,38,0.74286,0.98503,0.18367,2,0,-4.966,-0.013716,3.4329,111.75
30,62,65,38,0.73469,0.99691,0.18367,2,0,-4.8221,-0.013716,3.4329,111.75
31,63,80,35,0.5697,0.98465,0.39394,9,0,-18.719,0.00061669,21.796,65.427
31,63,80,35,0.5697,0.98465,0.33333,9,0,-18.586,0.00061669,21.796,65.427
31,63,80,35,0.55758,0.98726,0.39394,9,0,-18.58,0.00061669,21.796,65.427
31,63,80,35,0.57576,0.98465,0.36364,9,0,-18.593,0.00061669,21.796,65.427
31,63,80,35,0.5697,0.98465,0.36364,9,0,-18.949,0.00061669,21.796,65.427
31,63,80,35,0.57576,0.98465,0.33333,9,0,-18.67,0.00061669,21.796,65.427
31,64,85,30,0.51692,0.95029,0.44615,7,0,-14.654,0.00061669,21.796,65.427
31,64,85,30,0.50462,0.95029,0.38462,7,0,-14.547,0.00061669,21.796,65.427
31,64,85,30,0.49846,0.95029,0.38462,7,0,-14.56,0.00061669,21.796,65.427
31,64,85,30,0.50462,0.95029,0.38462,7,0,-14.524,0.00061669,21.796,65.427
31,64,85,30,0.50462,0.99977,0.44615,7,0,-14.965,0.00061669,21.796,65.427
31,64,85,30,0.51077,0.95029,0.44615,7,0,-14.574,0.00061669,21.796,65.427
32,65,85,38,0.62414,0.98912,0.31034,5,0,-10.655,-0.014967,20.773,98.983
32,65,85,38,0.61724,0.91291,0.22414,6,0,-12.817,-0.014967,20.773,98.983
32,65,85,38,0.62414,0.99083,0.31034,5,0,-10.712,-0.014967,20.773,98.983
32,65,85,38,0.6069,0.9348,0.31034,5,0,-10.622,-0.014967,20.773,98.983
32,65,85,38,0.66207,0.91291,0.31034,5,0,-10.89,-0.014967,20.773,98.983
32,65,85,38,0.60345,0.99824,0.31034,5,0,-10.71,-0.014967,20.773,98.983
32,66,80,40,0.74921,0.9945,0.1746,1,0,-2.7563,-0.014967,20.773,98.983
32,66,80,40,0.67937,0.9957,0.20635,1,0,-2.9007,-0.014967,20.773,98.983
32,66,80,40,0.74921,0.9945,0.14286,1,0,-2.8191,-0.014967,20.773,98.983
32,66,80,40,0.72381,0.99393,0.20635,1,0,-2.7433,-0.014967,20.773,98.983
32,66,80,40,0.73651,0.9945,0.14286,1,0,-2.9736,-0.014967,20.773,98.983
32,66,80,40,0.72381,0.9945,0.1746,1,0,-2.8255,-0.014967,20.773,98.983
33,67,85,45,0.6069,0.98333,0.2069,10,0,-20.896,0.0043815,96.934,122.03
33,67,85,45,0.63448,0.97365,0.27586,11,0,-22.862,0.0043815,96.934,122.03
33,67,85,45,0.64828,0.98906,0.27586,10,0,-20.897,0.0043815,96.934,122.03
33,67,85,45,0.66897,0.96832,0.24138,10,0,-20.696,0.0043815,96.934,122.03
33,67,85,45,0.66207,0.96832,0.27586,10,0,-20.94,0.0043815,96.934,122.03
33,67,85,45,0.62759,0.96832,0.27586,10,0,-20.734,0.0043815,96.934,122.03
33,68,90,58,0.78095,0.9958,0.1746,2,0,-4.8585,0.0043815,96.934,122.03
33,68,90,58,0.8,0.99124,0.1746,2,0,-4.9843,0.0043815,96.934,122.03
33,68,90,58,0.79365,0.99929,0.1746,2,0,-4.915,0.0043815,96.934,122.03
33,68,90,58,0.79365,0.9958,0.1746,1,0,-2.8022,0.0043815,96.934,122.03
33,68,90,58,0.8,0.99275,0.1746,2,0,-4.9798,0.0043815,96.934,122.03
33,68,90,58,0.79365,0.99929,0.14286,2,0,-4.8598,0.0043815,96.934,122.03
34,69,70,59,0.84255,0.98946,0.10638,0,0,-0.89499,-0.04845,3.5401,137.45
34,69,70,59,0.8383,0.9758,0.085106,0,0,-0.91486,-0.04845,3.5401,137.45
34,69,70,59,0.83404,0.98946,0.10638,0,0,-0.87769,-0.04845,3.5401,137.45
34,69,70,59,0.84255,0.99971,0.10638,0,0,-0.84727,-0.04845,3.5401,137.45
34,69,70,59,0.81277,0.9938,0.10638,0,0,-0.98154,-0.04845,3.5401,137.45
34,69,70,59,0.86809,0.99611,0.10638,0,0,-0.90044,-0.04845,3.5401,137.45
34,70,75,44,0.76727,0.97983,0.16364,3,0,-6.849,-0.04845,3.5401,137.45
34,70,75,44,0.74909,0.98691,0.16364,5,0,-10.947,-0.04845,3.5401,137.45
34,70,75,44,0.78909,0.98607,0.2,2,0,-4.8355,-0.04845,3.5401,137.45
34,70,75,44,0.77455,0.97983,0.14545,3,0,-6.7918,-0.04845,3.5401,137.45
34,70,75,44,0.80364,0.97983,0.16364,2,0,-4.9672,-0.04845,3.5401,137.45
34,70,75,44,0.81818,0.99094,0.16364,2,0,-4.842,-0.04845,3.5401,137.45
35,71,95,49,0.72239,0.96482,0.16418,2,0,-4.8418,0.0090281,3.3362,152.95
35,71,95,49,0.74627,0.96482,0.16418,2,0,-4.8867,0.0090281,3.3362,152.95
35,71,95,49,0.77015,0.99952,0.19403,2,0,-4.9119,0.0090281,3.3362,152.95
35,71,95,49,0.73433,0.96482,0.22388,2,0,-4.7464,0.0090281,3.3362,152.95
35,71,95,49,0.69851,0.96482,0.22388,2,0,-4.9476,0.0090281,3.3362,152.95
35,71,95,49,0.71642,0.96448,0.19403,2,0,-4.8132,0.0090281,3.3362,152.95
35,72,70,59,0.78909,0.99582,0.054545,0,0,-0.78941,0.0090281,3.3362,152.95
35,72,70,59,0.78909,0.99223,0.090909,0,0,-0.97736,0.0090281,3.3362,152.95
35,72,70,59,0.78545,0.98325,0.090909,0,0,-0.85639,0.0090281,3.3362,152.95
35,72,70,59,0.77455,0.99223,0.090909,0,0,-0.79935,0.0090281,3.3362,152.95
35,72,70,59,0.84,0.99263,0.054545,0,0,-0.98667,0.0090281,3.3362,152.95
35,72,70,59,0.8,0.99223,0.090909,0,0,-0.90483,0.0090281,3.3362,152.95
36,73,75,63,0.86207,0.9899,0.068966,1,0,-2.8812,-0.047428,0.99173,183.71
36,73,75,63,0.88621,0.9809,0.086207,1,0,-2.9719,-0.047428,0.99173,183.71
36,73,75,63,0.88621,0.9899,0.086207,1,0,-2.9308,-0.047428,0.99173,183.71
36,73,75,63,0.86552,0.96639,0.068966,1,0,-2.8725,-0.047428,0.99173,183.71
36,73,75,63,0.86897,0.99571,0.10345,1,0,-2.9834,-0.047428,0.99173,183.71
36,73,75,63,0.85172,0.99574,0.10345,1,0,-2.8993,-0.047428,0.99173,183.71
36,74,80,67,0.82593,0.99487,0.11111,0,0,-0.83652,-0.047428,0.99173,183.71
36,74,80,67,0.81852,0.99514,0.14815,0,0,-0.82294,-0.047428,0.99173,183.71
36,74,80,67,0.83333,0.96965,0.11111,0,0,-0.91792,-0.047428,0.99173,183.71
36,74,80,67,0.81852,0.99483,0.092593,0,0,-0.83114,-0.047428,0.99173,183.71
36,74,80,67,0.82222,0.98798,0.11111,0,0,-0.97376,-0.047428,0.99173,183.71
36,74,80,67,0.83333,0.99091,0.12963,0,0,-0.87827,-0.047428,0.99173,183.71
37,75,85,50,0.7375,0.99207,0.1875,6,0,-12.958,0.19585,32.794,158.17
37,75,85,50,0.74375,0.99207,0.1875,6,0,-12.889,0.19585,32.794,158.17
37,75,85,50,0.725,0.99207,0.1875,6,0,-12.845,0.19585,32.794,158.17
37,75,85,50,0.74375,0.99207,0.21875,6,0,-12.762,0.19585,32.794,158.17
37,75,85,50,0.71875,0.99207,0.15625,6,0,-12.972,0.19585,32.794,158.17
37,75,85,50,0.75,0.99207,0.1875,6,0,-12.82,0.19585,32.794,158.17
37,76,90,65,0.8507,0.99929,0.098592,0,0,-0.85871,0.19585,32.794,158.17
37,76,90,65,0.79437,0.99758,0.12676,0,0,-0.89963,0.19585,32.794,158.17
37,76,90,65,0.8169,0.99226,0.12676,0,0,-0.94504,0.19585,32.794,158.17
37,76,90,65,0.82817,0.99574,0.098592,0,0,-0.84061,0.19585,32.794,158.17
37,76,90,65,0.8169,0.99746,0.070423,0,0,-0.98682,0.19585,32.794,158.17
37,76,90,65,0.84507,0.99226,0.098592,0,0,-0.90606,0.19585,32.794,158.17
38,77,60,44,0.80444,0.97174,0.11111,2,0,-4.8254,0.021081,34.099,110.9
38,77,60,44,0.83111,0.97752,0.15556,2,0,-4.9501,0.021081,34.099,110.9
38,77,60,44,0.84889,0.97842,0.13333,2,0,-4.9007,0.021081,34.099,110.9
38,77,60,44,0.84,0.99419,0.13333,2,0,-4.8515,0.021081,34.099,110.9
38,77,60,44,0.84444,0.98559,0.066667,2,0,-4.9726,0.021081,34.099,110.9
38,77,60,44,0.84,0.99751,0.13333,2,0,-4.8733,0.021081,34.099,110.9
38,78,75,44,0.77966,0.99524,0.15254,1,0,-2.8147,0.021081,34.099,110.9
38,78,75,44,0.77966,0.99524,0.15254,1,0,-2.8254,0.021081,34.099,110.9
38,78,75,44,0.78644,0.99524,0.11864,1,0,-2.7981,0.021081,34.099,110.9
38,78,75,44,0.7661,0.99524,0.11864,1,0,-2.7858,0.021081,34.099,110.9
38,78,75,44,0.77288,0.97785,0.11864,1,0,-2.9601,0.021081,34.099,110.9
38,78,75,44,0.78644,0.97785,0.15254,1,0,-2.8492,0.021081,34.099,110.9
39,79,70,63,0.81053,0.9884,0.070175,0,0,-0.94478,-0.013265,9.7252,155.86
39,79,70,63,0.77193,0.9992,0.087719,0,0,-0.9841,-0.013265,9.7252,155.86
39,79,70,63,0.74035,0.9968,0.12281,0,0,-0.75139,-0.013265,9.7252,155.86
39,79,70,63,0.77193,0.991,0.035088,0,0,-0.79473,-0.013265,9.7252,155.86
39,79,70,63,0.83509,0.9992,0.052632,0,0,-0.98735,-0.013265,9.7252,155.86
39,79,70,63,0.81754,0.9884,0.052632,0,0,-0.94563,-0.013265,9.7252,155.86
39,80,95,50,0.75224,0.98144,0.19403,4,0,-8.8262,-0.013265,9.7252,155.86
39,80,95,50,0.70448,0.9912,0.22388,5,0,-10.799,-0.013265,9.7252,155.86
39,80,95,50,0.7403,0.99084,0.19403,4,0,-8.7859,-0.013265,9.7252,155.86
39,80,95,50,0.7403,0.98104,0.22388,4,0,-8.7546,-0.013265,9.7252,155.86
39,80,95,50,0.73433,0.9873,0.22388,5,0,-10.963,-0.013265,9.7252,155.86
39,80,95,50,0.71642,0.9912,0.25373,5,0,-10.76,-0.013265,9.7252,155.86
40,81,75,60,0.81111,0.99198,0.092593,0,0,-0.98439,0.051269,4.256,164.62
40,81,75,60,0.80741,0.98828,0.12963,0,0,-0.87224,0.051269,4.256,164.62
40,81,75,60,0.82222,0.99858,0.074074,0,0,-0.88933,0.051269,4.256,164.62
40,81,75,60,0.81111,0.99198,0.092593,0,0,-0.82111,0.051269,4.256,164.62
40,81,75,60,0.83704,0.99259,0.074074,0,0,-0.98056,0.051269,4.256,164.62
40,81,75,60,0.8,0.99198,0.092593,0,0,-0.90516,0.051269,4.256,164.62
40,82,80,57,0.86269,0.97342,0.10448,4,0,-8.9151,0.051269,4.256,164.62
40,82,80,57,0.8597,0.97342,0.10448,2,0,-4.8946,0.051269,4.256,164.62
40,82,80,57,0.83284,0.99898,0.13433,3,0,-6.8972,0.051269,4.256,164.62
40,82,80,57,0.85075,0.98915,0.13433,3,0,-6.8584,0.051269,4.256,164.62
40,82,80,57,0.86269,0.99981,0.074627,2,0,-4.9896,0.051269,4.256,164.62
40,82,80,57,0.80299,0.9978,0.13433,3,0,-6.8687,0.051269,4.256,164.62
41,83,75,33,0.50909,0.97754,0.41818,11,0,-22.545,0.070016,83.346,108.87
41,83,75,33,0.50909,0.97754,0.38182,11,0,-22.515,0.070016,83.346,108.87
41,83,75,33,0.51636,0.97754,0.41818,11,0,-22.57,0.070016,83.346,108.87
41,83,75,33,0.51636,0.99302,0.34545,11,0,-22.55,0.070016,83.346,108.87
41,83,75,33,0.53091,0.97754,0.41818,11,0,-22.932,0.070016,83.346,108.87
41,83,75,33,0.53818,0.97754,0.34545,11,0,-22.663,0.070016,83.346,108.87
41,84,85,61,0.82295,0.99179,0.098361,0,0,-0.88892,0.070016,83.346,108.87
41,84,85,61,0.84262,0.99791,0.14754,0,0,-0.84517,0.070016,83.346,108.87
41,84,85,61,0.81639,0.99715,0.13115,0,0,-0.98338,0.070016,83.346,108.87
41,84,85,61,0.81967,0.99791,0.14754,0,0,-0.83094,0.070016,83.346,108.87
41,84,85,61,0.83607,0.99791,0.11475,0,0,-0.98118,0.070016,83.346,108.87
41,84,85,61,0.83279,0.99162,0.14754,0,0,-0.8586,0.070016,83.346,108.87
42,85,85,49,0.75692,0.99425,0.16923,7,0,-14.829,0.036868,19.33,125.54
42,85,85,49,0.78154,0.96408,0.2,9,0,-18.796,0.036868,19.33,125.54
42,85,85,49,0.8,0.97137,0.16923,6,0,-12.805,0.036868,19.33,125.54
42,85,85,49,0.79385,0.98576,0.2,7,0,-14.802,0.036868,19.33,125.54
42,85,85,49,0.79385,0.97137,0.16923,7,0,-14.954,0.036868,19.33,125.54
42,85,85,49,0.78154,0.98576,0.16923,6,0,-12.838,0.036868,19.33,125.54
42,86,95,56,0.81644,0.99422,0.15068,2,0,-4.9124,0.036868,19.33,125.54
42,86,95,56,0.80548,0.99819,0.12329,3,0,-6.8553,0.036868,19.33,125.54
42,86,95,56,0.83288,0.99422,0.15068,1,0,-2.9009,0.036868,19.33,125.54
42,86,95,56,0.8274,0.99422,0.15068,2,0,-4.837,0.036868,19.33,125.54
42,86,95,56,0.81096,0.99752,0.17808,2,0,-4.9785,0.036868,19.33,125.54
42,86,95,56,0.83288,0.99422,0.12329,2,0,-4.8813,0.036868,19.33,125.54
43,87,75,38,0.66452,0.99342,0.22581,5,0,-10.864,-0.012708,9.2786,81.965
43,87,75,38,0.67097,0.98516,0.16129,5,0,-10.817,-0.012708,9.2786,81.965
43,87,75,38,0.69677,0.98516,0.22581,5,0,-10.843,-0.012708,9.2786,81.965
43,87,75,38,0.67742,0.98306,0.25806,5,0,-10.702,-0.012708,9.2786,81.965
43,87,75,38,0.69032,0.99374,0.22581,5,0,-10.958,-0.012708,9.2786,81.965
43,87,75,38,0.71613,0.98516,0.12903,5,0,-10.872,-0.012708,9.2786,81.965
43,88,80,33,0.52903,0.97591,0.29032,7,0,-14.793,-0.012708,9.2786,81.965
43,88,80,33,0.52903,0.96901,0.22581,7,0,-14.943,-0.012708,9.2786,81.965
43,88,80,33,0.55484,0.92481,0.41935,7,0,-14.624,-0.012708,9.2786,81.965
43,88,80,33,0.54194,0.9638,0.29032,7,0,-14.566,-0.012708,9.2786,81.965
43,88,80,33,0.54194,0.99582,0.29032,7,0,-14.964,-0.012708,9.2786,81.965
43,88,80,33,0.55484,0.9638,0.35484,7,0,-14.655,-0.012708,9.2786,81.965
44,89,90,70,0.87077,0.99561,0.10769,0,0,-0.88414,-0.0068497,8.6653,146.83
44,89,90,70,0.87077,0.99561,0.076923,2,0,-4.9201,-0.0068497,8.6653,146.83
44,89,90,70,0.87692,0.99561,0.076923,1,0,-2.9354,-0.0068497,8.6653,146.83
44,89,90,70,0.87692,0.998,0.10769,0,0,-0.88244,-0.0068497,8.6653,146.83
44,89,90,70,0.86462,0.99561,0.092308,1,0,-2.9872,-0.0068497,8.6653,146.83
44,89,90,70,0.86462,0.99561,0.061538,2,0,-4.9373,-0.0068497,8.6653,146.83
44,90,80,52,0.79672,0.97833,0.18033,5,0,-10.835,-0.0068497,8.6653,146.83
44,90,80,52,0.78033,0.99832,0.14754,6,0,-12.829,-0.0068497,8.6653,146.83
44,90,80,52,0.8,0.96732,0.18033,7,0,-14.863,-0.0068497,8.6653,146.83
44,90,80,52,0.77377,0.99832,0.18033,6,0,-12.784,-0.0068497,8.6653,146.83
44,90,80,52,0.80328,0.99033,0.18033,6,0,-12.975,-0.0068497,8.6653,146.83
44,90,80,52,0.80328,0.99358,0.18033,5,0,-10.83,-0.0068497,8.6653,146.83
45,91,85,65,0.77091,0.9844,0.14545,0,0,-0.90575,-0.038116,0.085015,177.74
45,91,85,65,0.77455,0.9844,0.12727,0,0,-0.96485,-0.038116,0.085015,177.74
45,91,85,65,0.76364,0.99903,0.12727,0,0,-0.94311,-0.038116,0.085015,177.74
45,91,85,65,0.76364,0.99194,0.14545,0,0,-0.7795,-0.038116,0.085015,177.74
45,91,85,65,0.81455,0.97059,0.14545,0,0,-0.95574,-0.038116,0.085015,177.74
45,91,85,65,0.76727,0.99661,0.16364,0,0,-0.83994,-0.038116,0.085015,177.74
45,92,80,57,0.82105,0.97084,0.087719,0,0,-0.96454,-0.038116,0.085015,177.74
45,92,80,57,0.77895,0.99113,0.070175,0,0,-0.78165,-0.038116,0.085015,177.74
45,92,80,57,0.74737,0.97302,0.19298,0,0,-0.94852,-0.038116,0.085015,177.74
45,92,80,57,0.72281,0.99113,0.087719,0,0,-0.73907,-0.038116,0.085015,177.74
45,92,80,57,0.72982,0.99365,0.12281,0,0,-0.98098,-0.038116,0.085015,177.74
45,92,80,57,0.74035,0.99113,0.10526,0,0,-0.89012,-0.038116,0.085015,177.74
46,93,90,58,0.7873,0.99324,0.14286,1,0,-2.8851,0.065584,15.838,115.83
46,93,90,58,0.78095,0.99359,0.11111,1,0,-2.9416,0.065584,15.838,115.83
46,93,90,58,0.74286,0.98678,0.14286,1,0,-2.8104,0.065584,15.838,115.83
46,93,90,58,0.80635,0.99309,0.14286,1,0,-2.8152,0.065584,15.838,115.83
46,93,90,58,0.78095,0.994,0.14286,1,0,-2.9752,0.065584,15.838,115.83
46,93,90,58,0.8127,0.98626,0.11111,1,0,-2.8877,0.065584,15.838,115.83
46,94,85,36,0.55273,0.99443,0.41818,9,0,-18.698,0.065584,15.838,115.83
46,94,85,36,0.58182,0.97355,0.38182,9,0,-18.677,0.065584,15.838,115.83
46,94,85,36,0.59636,0.97355,0.30909,8,0,-16.605,0.065584,15.838,115.83
46,94,85,36,0.57455,0.97355,0.30909,9,0,-18.597,0.065584,15.838,115.83
46,94,85,36,0.60364,0.97355,0.30909,8,0,-16.935,0.065584,15.838,115.83
46,94,85,36,0.60364,0.97126,0.34545,8,0,-16.679,0.065584,15.838,115.83
47,95,90,33,0.46857,0.9453,0.31429,10,0,-20.722,-0.001038,39.131,62.602
47,95,90,33,0.49143,0.9453,0.48571,10,0,-20.615,-0.001038,39.131,62.602
47,95,90,33,0.49143,0.93288,0.37143,10,0,-20.619,-0.001038,39.131,62.602
47,95,90,33,0.48,0.9453,0.37143,10,0,-20.501,-0.001038,39.131,62.602
47,95,90,33,0.48,0.9453,0.42857,10,0,-20.893,-0.001038,39.131,62.602
47,95,90,33,0.46857,0.96868,0.37143,10,0,-20.649,-0.001038,39.131,62.602
47,96,90,32,0.49697,0.97534,0.39394,9,0,-18.633,-0.001038,39.131,62.602
47,96,90,32,0.49697,0.97534,0.39394,9,0,-18.671,-0.001038,39.131,62.602
47,96,90,32,0.48485,0.97534,0.45455,9,0,-18.768,-0.001038,39.131,62.602
47,96,90,32,0.49697,0.97534,0.39394,9,0,-18.527,-0.001038,39.131,62.602
47,96,90,32,0.47273,0.97534,0.33333,9,0,-18.934,-0.001038,39.131,62.602
47,96,90,32,0.49697,0.92078,0.39394,9,0,-18.627,-0.001038,39.131,62.602
48,97,75,47,0.76981,0.98109,0.20755,4,0,-8.7859,0.098886,20.963,141.74
48,97,75,47,0.76981,0.99284,0.20755,3,0,-6.7828,0.098886,20.963,141.74
48,97,75,47,0.76226,0.99733,0.20755,4,0,-8.7996,0.098886,20.963,141.74
48,97,75,47,0.76981,0.98752,0.20755,3,0,-6.7898,0.098886,20.963,141.74
48,97,75,47,0.76981,0.98966,0.20755,4,0,-8.9675,0.098886,20.963,141.74
48,97,75,47,0.76981,0.98109,0.16981,4,0,-8.8395,0.098886,20.963,141.74
48,98,95,63,0.84865,0.99881,0.13514,0,0,-0.92307,0.098886,20.963,141.74
48,98,95,63,0.82973,0.99776,0.13514,0,0,-0.87784,0.098886,20.963,141.74
48,98,95,63,0.84865,0.98997,0.10811,0,0,-0.95291,0.098886,20.963,141.74
48,98,95,63,0.81351,0.99709,0.14865,0,0,-0.82497,0.098886,20.963,141.74
48,98,95,63,0.84865,0.97096,0.10811,0,0,-0.96106,0.098886,20.963,141.74
48,98,95,63,0.82703,0.99549,0.10811,0,0,-0.8911,0.098886,20.963,141.74
49,99,80,59,0.7697,0.99941,0.090909,0,0,-0.85597,0.076665,0.97218,132.43
49,99,80,59,0.75455,0.97875,0.060606,0,0,-0.96304,0.076665,0.97218,132.43
49,99,80,59,0.76667,0.98106,0.10606,0,0,-0.8654,0.076665,0.97218,132.43
49,99,80,59,0.79697,0.98199,0.090909,0,0,-0.81301,0.076665,0.97218,132.43
49,99,80,59,0.72727,0.99904,0.060606,0,0,-0.98599,0.076665,0.97218,132.43
49,99,80,59,0.75758,0.99943,0.090909,0,0,-0.91397,0.076665,0.97218,132.43
49,100,80,32,0.48254,0.978,0.36508,8,0,-16.663,0.076665,0.97218,132.43
49,100,80,32,0.44444,0.978,0.42857,8,0,-16.65,0.076665,0.97218,132.43
49,100,80,32,0.4254,0.978,0.36508,8,0,-16.781,0.076665,0.97218,132.43
49,100,80,32,0.45714,0.978,0.2381,8,0,-16.503,0.076665,0.97218,132.43
49,100,80,32,0.46349,0.95797,0.30159,8,0,-16.92,0.076665,0.97218,132.43
49,100,80,32,0.46984,0.95023,0.30159,8,0,-16.702,0.076665,0.97218,132.43
50,101,65,66,0.93478,0.99611,0.021739,0,0,-0.93552,0.078072,0.15214,187.44
50,101,65,66,0.92174,0.99067,0.065217,0,0,-0.92177,0.078072,0.15214,187.44
50,101,65,66,0.93913,0.99067,0.043478,0,0,-0.96945,0.078072,0.15214,187.44
50,101,65,66,0.90435,0.99067,0.043478,0,0,-0.90911,0.078072,0.15214,187.44
50,101,65,66,0.84348,0.98599,0.065217,0,0,-0.97581,0.078072,0.15214,187.44
50,101,65,66,0.86522,0.99279,0.043478,0,0,-0.95014,0.078072,0.15214,187.44
50,102,70,62,0.86909,0.99476,0.072727,0,0,-0.88475,0.078072,0.15214,187.44
50,102,70,62,0.86182,0.99937,0.036364,0,0,-0.87729,0.078072,0.15214,187.44
50,102,70,62,0.91273,0.99476,0.072727,0,0,-0.91811,0.078072,0.15214,187.44
50,102,70,62,0.88,0.98358,0.054545,0,0,-0.88992,0.078072,0.15214,187.44
50,102,70,62,0.88364,0.99476,0.072727,0,0,-0.98584,0.078072,0.15214,187.44
50,102,70,62,0.90545,0.99517,0.054545,0,0,-0.94379,0.078072,0.15214,187.44
51,103,70,31,0.70833,0.95174,0.25,2,0,-4.8692,0.098021,4.6094,144.46
51,103,70,31,0.675,0.98967,0.25,1,0,-2.7459,0.098021,4.6094,144.46
51,103,70,31,0.725,0.95702,0.20833,0,0,-0.83625,0.098021,4.6094,144.46
51,103,70,31,0.69167,0.96205,0.25,0,0,-0.70579,0.098021,4.6094,144.46
51,103,70,31,0.66667,0.96352,0.25,0,0,-0.93525,0.098021,4.6094,144.46
51,103,70,31,0.65,0.96669,0.33333,3,0,-6.6744,0.098021,4.6094,144.46
51,104,80,66,0.81404,0.98762,0.035088,0,0,-0.9782,0.098021,4.6094,144.46
51,104,80,66,0.80702,0.98281,0.070175,0,0,-0.93351,0.098021,4.6094,144.46
51,104,80,66,0.76842,0.99926,0.070175,0,0,-0.91311,0.098021,4.6094,144.46
51,104,80,66,0.75789,0.98762,0.070175,0,0,-0.77713,0.098021,4.6094,144.46
51,104,80,66,0.83509,0.98967,0.052632,0,0,-0.97917,0.098021,4.6094,144.46
51,104,80,66,0.76842,0.98762,0.035088,0,0,-0.95986,0.098021,4.6094,144.46
52,105,80,50,0.76825,0.98124,0.14286,1,0,-2.8596,0.058882,8.5103,104.47
52,105,80,50,0.75556,0.98112,0.11111,1,0,-2.8981,0.058882,8.5103,104.47
52,105,80,50,0.75873,0.98554,0.11111,1,0,-2.8979,0.058882,8.5103,104.47
52,105,80,50,0.76825,0.98124,0.11111,1,0,-2.7855,0.058882,8.5103,104.47
52,105,80,50,0.75556,0.98124,0.14286,1,0,-2.9523,0.058882,8.5103,104.47
52,105,80,50,0.74921,0.98473,0.11111,1,0,-2.8858,0.058882,8.5103,104.47
52,106,80,33,0.60364,0.96912,0.27273,5,0,-10.689,0.058882,8.5103,104.47
52,106,80,33,0.58909,0.96912,0.34545,6,0,-12.912,0.058882,8.5103,104.47
52,106,80,33,0.61091,0.96912,0.23636,5,0,-10.868,0.058882,8.5103,104.47
52,106,80,33,0.58182,0.98422,0.34545,5,0,-10.609,0.058882,8.5103,104.47
52,106,80,33,0.61091,0.96912,0.27273,5,0,-10.937,0.058882,8.5103,104.47
52,106,80,33,0.60364,0.96912,0.34545,5,0,-10.658,0.058882,8.5103,104.47
53,107,70,60,0.88727,0.98716,0.054545,0,0,-0.90869,-0.014235,3.2771,173.55
53,107,70,60,0.87636,0.99287,0.054545,1,0,-2.99,-0.014235,3.2771,173.55
53,107,70,60,0.88727,0.99287,0.054545,1,0,-2.9378,-0.014235,3.2771,173.55
53,107,70,60,0.88364,0.99287,0.072727,0,0,-0.89417,-0.014235,3.2771,173.55
53,107,70,60,0.89455,0.99287,0.054545,0,0,-0.98555,-0.014235,3.2771,173.55
53,107,70,60,0.87636,0.99691,0.072727,1,0,-2.9276,-0.014235,3.2771,173.55
53,108,80,66,0.89,0.97358,0.083333,0,0,-0.94485,-0.014235,3.2771,173.55
53,108,80,66,0.81333,0.99503,0.11667,0,0,-0.87031,-0.014235,3.2771,173.55
53,108,80,66,0.83667,0.97358,0.066667,0,0,-0.94856,-0.014235,3.2771,173.55
53,108,80,66,0.80667,0.99282,0.083333,0,0,-0.82106,-0.014235,3.2771,173.55
53,108,80,66,0.82667,0.97358,0.083333,0,0,-0.96201,-0.014235,3.2771,173.55
53,108,80,66,0.82,0.97986,0.083333,0,0,-0.91355,-0.014235,3.2771,173.55
54,109,85,51,0.8,0.9706,0.12281,0,0,-0.89041,0.023341,1.7623,150.3
54,109,85,51,0.74386,0.99,0.15789,0,0,-0.84525,0.023341,1.7623,150.3
54,109,85,51,0.81754,0.96128,0.14035,0,0,-0.87609,0.023341,1.7623,150.3
54,109,85,51,0.74737,0.9977,0.17544,1,0,-2.7606,0.023341,1.7623,150.3
54,109,85,51,0.78246,0.94949,0.10526,0,0,-0.93698,0.023341,1.7623,150.3
54,109,85,51,0.7614,0.9706,0.19298,0,0,-0.8149,0.023341,1.7623,150.3
54,110,80,59,0.82462,0.99868,0.10769,1,0,-2.8995,0.023341,1.7623,150.3
54,110,80,59,0.83692,0.98994,0.10769,1,0,-2.9419,0.023341,1.7623,150.3
54,110,80,59,0.83077,0.99601,0.13846,2,0,-4.8565,0.023341,1.7623,150.3
54,110,80,59,0.81231,0.99103,0.13846,1,0,-2.8236,0.023341,1.7623,150.3
54,110,80,59,0.83692,0.99103,0.13846,2,0,-4.9755,0.023341,1.7623,150.3
54,110,80,59,0.83077,0.99741,0.13846,2,0,-4.8685,0.023341,1.7623,150.3
55,111,80,34,0.61455,0.92917,0.27273,6,0,-12.889,-0.028627,0.80342,97.464
55,111,80,34,0.62909,0.96415,0.27273,5,0,-10.942,-0.028627,0.80342,97.464
55,111,80,34,0.62909,0.96415,0.27273,5,0,-10.653,-0.028627,0.80342,97.464
55,111,80,34,0.62909,0.96415,0.2,5,0,-10.653,-0.028627,0.80342,97.464
55,111,80,34,0.62909,0.96415,0.32727,5,0,-10.937,-0.028627,0.80342,97.464
55,111,80,34,0.62909,0.96415,0.32727,5,0,-10.692,-0.028627,0.80342,97.464
55,112,75,50,0.84815,0.99072,0.11111,0,0,-0.85306,-0.028627,0.80342,97.464
55,112,75,50,0.84815,0.99072,0.11111,0,0,-0.90198,-0.028627,0.80342,97.464
55,112,75,50,0.83333,0.99072,0.12963,0,0,-0.93183,-0.028627,0.80342,97.464
55,112,75,50,0.86296,0.99103,0.11111,0,0,-0.87223,-0.028627,0.80342,97.464
55,112,75,50,0.84074,0.99072,0.12963,1,0,-2.9762,-0.028627,0.80342,97.464
55,112,75,50,0.86296,0.99072,0.11111,0,0,-0.89614,-0.028627,0.80342,97.464
56,113,80,37,0.64561,0.98794,0.22807,5,0,-10.772,0.002551,3.6023,108.22
56,113,80,37,0.6386,0.98794,0.29825,5,0,-10.713,0.002551,3.6023,108.22
56,113,80,37,0.6386,0.98794,0.22807,5,0,-10.754,0.002551,3.6023,108.22
56,113,80,37,0.65263,0.98794,0.29825,5,0,-10.669,0.002551,3.6023,108.22
56,113,80,37,0.65263,0.98794,0.29825,5,0,-10.957,0.002551,3.6023,108.22
56,113,80,37,0.62456,0.98794,0.33333,5,0,-10.677,0.002551,3.6023,108.22
56,114,100,50,0.73067,0.98711,0.17333,1,0,-2.8552,0.002551,3.6023,108.22
56,114,100,50,0.752,0.98711,0.17333,1,0,-2.938,0.002551,3.6023,108.22
56,114,100,50,0.73067,0.98711,0.17333,1,0,-2.7372,0.002551,3.6023,108.22
56,114,100,50,0.74133,0.98711,0.2,1,0,-2.7651,0.002551,3.6023,108.22
56,114,100,50,0.71467,0.98711,0.2,1,0,-2.969,0.002551,3.6023,108.22
56,114,100,50,0.73067,0.98711,0.17333,1,0,-2.8315,0.002551,3.6023,108.22
57,115,85,40,0.58286,0.98917,0.28571,5,0,-10.704,0.036209,75.493,110.2
57,115,85,40,0.59429,0.98142,0.31429,5,0,-10.765,0.036209,75.493,110.2
57,115,85,40,0.61143,0.97861,0.22857,5,0,-10.722,0.036209,75.493,110.2
57,115,85,40,0.61143,0.97615,0.31429,5,0,-10.626,0.036209,75.493,110.2
57,115,85,40,0.61714,0.97369,0.28571,5,0,-10.934,0.036209,75.493,110.2
57,115,85,40,0.62286,0.97861,0.28571,5,0,-10.729,0.036209,75.493,110.2
57,116,90,54,0.77966,0.99172,0.18644,5,0,-10.895,0.036209,75.493,110.2
57,116,90,54,0.77966,0.99172,0.18644,4,0,-8.9544,0.036209,75.493,110.2
57,116,90,54,0.77288,0.99172,0.18644,5,0,-10.9,0.036209,75.493,110.2
57,116,90,54,0.77966,0.9898,0.18644,4,0,-8.7942,0.036209,75.493,110.2
57,116,90,54,0.77966,0.99738,0.18644,5,0,-10.98,0.036209,75.493,110.2
57,116,90,54,0.77966,0.97725,0.18644,6,0,-12.827,0.036209,75.493,110.2
58,117,85,69,0.78276,0.9563,0.051724,0,0,-0.80807,0.022533,4.8561,147.18
58,117,85,69,0.75517,0.99688,0.18966,0,0,-0.77168,0.022533,4.8561,147.18
58,117,85,69,0.77931,0.99545,0.034483,0,0,-0.87642,0.022533,4.8561,147.18
58,117,85,69,0.72759,0.96695,0.18966,0,0,-0.74266,0.022533,4.8561,147.18
58,117,85,69,0.76207,0.99164,0.051724,0,0,-0.9806,0.022533,4.8561,147.18
58,117,85,69,0.72069,0.99023,0.086207,0,0,-0.91127,0.022533,4.8561,147.18
58,118,90,39,0.68254,0.99142,0.2381,3,0,-6.6975,0.022533,4.8561,147.18
58,118,90,39,0.68254,0.99142,0.26984,3,0,-6.8411,0.022533,4.8561,147.18
58,118,90,39,0.67619,0.99142,0.26984,3,0,-6.8774,0.022533,4.8561,147.18
58,118,90,39,0.66984,0.99142,0.30159,3,0,-6.685,0.022533,4.8561,147.18
58,118,90,39,0.68254,0.99142,0.2381,3,0,-6.9639,0.022533,4.8561,147.18
58,118,90,39,0.68254,0.99142,0.2381,3,0,-6.7638,0.022533,4.8561,147.18
59,119,85,62,0.77455,0.99758,0.18182,3,0,-6.8127,-0.035943,26.537,125.55
59,119,85,62,0.8,0.99462,0.14545,3,0,-6.8144,-0.035943,26.537,125.55
59,119,85,62,0.8,0.99462,0.16364,2,0,-4.8295,-0.035943,26.537,125.55
59,119,85,62,0.80727,0.99462,0.14545,2,0,-4.8238,-0.035943,26.537,125.55
59,119,85,62,0.8,0.99462,0.16364,2,0,-4.9854,-0.035943,26.537,125.55
59,119,85,62,0.8,0.99462,0.16364,2,0,-4.8428,-0.035943,26.537,125.55
59,120,80,46,0.80625,0.99294,0.1875,2,0,-4.8316,-0.035943,26.537,125.55
59,120,80,46,0.81875,0.95982,0.15625,3,0,-6.8645,-0.035943,26.537,125.55
59,120,80,46,0.79375,0.99294,0.125,3,0,-6.8698,-0.035943,26.537,125.55
59,120,80,46,0.81875,0.99294,0.125,2,0,-4.8295,-0.035943,26.537,125.55
59,120,80,46,0.79375,0.99294,0.125,2,0,-4.9714,-0.035943,26.537,125.55
59,120,80,46,0.83125,0.99294,0.125,2,0,-4.8771,-0.035943,26.537,125.55
60,121,85,41,0.65517,0.97185,0.2069,6,0,-12.9,0.037867,18.838,67.048
60,121,85,41,0.66207,0.97185,0.31034,6,0,-12.785,0.037867,18.838,67.048
60,121,85,41,0.66897,0.97185,0.27586,6,0,-12.914,0.037867,18.838,67.048
60,121,85,41,0.66897,0.97185,0.27586,6,0,-12.686,0.037867,18.838,67.048
60,121,85,41,0.66897,0.97185,0.2069,6,0,-12.956,0.037867,18.838,67.048
60,121,85,41,0.66897,0.97185,0.2069,6,0,-12.792,0.037867,18.838,67.048
60,122,80,31,0.51852,0.986,0.33333,10,0,-20.712,0.037867,18.838,67.048
60,122,80,31,0.53333,0.986,0.33333,10,0,-20.893,0.037867,18.838,67.048
60,122,80,31,0.53333,0.986,0.40741,10,0,-20.74,0.037867,18.838,67.048
60,122,80,31,0.53333,0.986,0.40741,10,0,-20.551,0.037867,18.838,67.048
60,122,80,31,0.51852,0.99469,0.40741,10,0,-20.96,0.037867,18.838,67.048
60,122,80,31,0.53333,0.986,0.40741,10,0,-20.609,0.037867,18.838,67.048
61,123,80,30,0.48254,0.97982,0.42857,8,0,-16.626,-0.011887,2.6873,106.45
61,123,80,30,0.49524,0.99357,0.30159,8,0,-16.886,-0.011887,2.6873,106.45
61,123,80,30,0.50794,0.93411,0.2381,8,0,-16.883,-0.011887,2.6873,106.45
61,123,80,30,0.52063,0.93411,0.30159,8,0,-16.541,-0.011887,2.6873,106.45
61,123,80,30,0.50794,0.93411,0.36508,8,0,-16.899,-0.011887,2.6873,106.45
61,123,80,30,0.50794,0.89776,0.30159,8,0,-16.703,-0.011887,2.6873,106.45
61,124,85,53,0.73239,0.96098,0.12676,0,0,-0.88836,-0.011887,2.6873,106.45
61,124,85,53,0.73803,0.99413,0.098592,0,0,-0.97917,-0.011887,2.6873,106.45
61,124,85,53,0.72113,0.98365,0.12676,0,0,-0.97495,-0.011887,2.6873,106.45
61,124,85,53,0.73803,0.98365,0.1831,0,0,-0.75814,-0.011887,2.6873,106.45
61,124,85,53,0.7493,0.98365,0.098592,0,0,-0.96633,-0.011887,2.6873,106.45
61,124,85,53,0.79437,0.95753,0.12676,0,0,-0.87528,-0.011887,2.6873,106.45
62,125,80,46,0.8,0.97666,0.16418,1,0,-2.8023,-0.0077147,83.698,133.86
62,125,80,46,0.76418,0.99335,0.19403,3,0,-6.8016,-0.0077147,83.698,133.86
62,125,80,46,0.78209,0.99335,0.16418,3,0,-6.9005,-0.0077147,83.698,133.86
62,125,80,46,0.76418,0.99817,0.19403,2,0,-4.7818,-0.0077147,83.698,133.86
62,125,80,46,0.79403,0.99335,0.13433,1,0,-2.9783,-0.0077147,83.698,133.86
62,125,80,46,0.75821,0.97666,0.16418,2,0,-4.8401,-0.0077147,83.698,133.86
62,126,80,58,0.83125,0.98509,0.125,1,0,-2.9682,-0.0077147,83.698,133.86
62,126,80,58,0.79375,0.99169,0.0625,1,0,-2.8517,-0.0077147,83.698,133.86
62,126,80,58,0.8125,0.99263,0.09375,1,0,-2.9384,-0.0077147,83.698,133.86
62,126,80,58,0.81875,0.95905,0.125,1,0,-2.8268,-0.0077147,83.698,133.86
62,126,80,58,0.7875,0.95905,0.125,1,0,-2.9485,-0.0077147,83.698,133.86
62,126,80,58,0.8125,0.99859,0.125,1,0,-2.8808,-0.0077147,83.698,133.86
63,127,85,64,0.87937,0.99839,0.079365,0,0,-0.90986,-0.010949,6.093,114.27
63,127,85,64,0.86667,0.99824,0.079365,0,0,-0.92635,-0.010949,6.093,114.27
63,127,85,64,0.86667,0.98777,0.11111,1,0,-2.8865,-0.010949,6.093,114.27
63,127,85,64,0.86667,0.9966,0.11111,0,0,-0.87409,-0.010949,6.093,114.27
63,127,85,64,0.87937,0.99824,0.095238,0,0,-0.98925,-0.010949,6.093,114.27
63,127,85,64,0.88571,0.99839,0.095238,0,0,-0.90647,-0.010949,6.093,114.27
63,128,85,32,0.48125,0.98448,0.4375,9,0,-18.534,-0.010949,6.093,114.27
63,128,85,32,0.48125,0.99838,0.46875,9,0,-18.535,-0.010949,6.093,114.27
63,128,85,32,0.475,0.99838,0.40625,9,0,-18.625,-0.010949,6.093,114.27
63,128,85,32,0.48125,0.99838,0.375,9,0,-18.523,-0.010949,6.093,114.27
63,128,85,32,0.46875,0.99838,0.40625,9,0,-18.963,-0.010949,6.093,114.27
63,128,85,32,0.4625,0.99838,0.4375,9,0,-18.572,-0.010949,6.093,114.27
64,129,80,55,0.8,0.99619,0.16667,2,0,-4.9704,0.0021369,3.3615,139.95
64,129,80,55,0.7963,0.99619,0.16667,1,0,-2.8315,0.0021369,3.3615,139.95
64,129,80,55,0.8,0.99619,0.14815,2,0,-4.9691,0.0021369,3.3615,139.95
64,129,80,55,0.78148,0.99619,0.16667,2,0,-4.7928,0.0021369,3.3615,139.95
64,129,80,55,0.8,0.99619,0.14815,2,0,-4.9807,0.0021369,3.3615,139.95
64,129,80,55,0.7963,0.99619,0.16667,1,0,-2.8334,0.0021369,3.3615,139.95
64,130,80,57,0.825,0.9883,0.09375,0,0,-0.97249,0.0021369,3.3615,139.95
64,130,80,57,0.775,0.9883,0.078125,0,0,-0.97418,0.0021369,3.3615,139.95
64,130,80,57,0.75,0.9883,0.09375,0,0,-0.91751,0.0021369,3.3615,139.95
64,130,80,57,0.80312,0.99741,0.078125,0,0,-0.82164,0.0021369,3.3615,139.95
64,130,80,57,0.825,0.9883,0.10938,0,0,-0.97537,0.0021369,3.3615,139.95
64,130,80,57,0.80625,0.9883,0.125,0,0,-0.87374,0.0021369,3.3615,139.95
65,131,70,41,0.824,0.97985,0.16,1,0,-2.933,-0.031151,0.41492,92.196
65,131,70,41,0.824,0.97985,0.12,1,0,-2.9097,-0.031151,0.41492,92.196
65,131,70,41,0.824,0.97985,0.12,1,0,-2.873,-0.031151,0.41492,92.196
65,131,70,41,0.816,0.97985,0.16,1,0,-2.8293,-0.031151,0.41492,92.196
65,131,70,41,0.816,0.97985,0.12,1,0,-2.9632,-0.031151,0.41492,92.196
65,131,70,41,0.816,0.97985,0.16,1,0,-2.8441,-0.031151,0.41492,92.196
65,132,75,42,0.77037,0.98487,0.14815,2,0,-4.8504,-0.031151,0.41492,92.196
65,132,75,42,0.77778,0.97257,0.14815,2,0,-4.8537,-0.031151,0.41492,92.196
65,132,75,42,0.79259,0.97257,0.14815,2,0,-4.8349,-0.031151,0.41492,92.196
65,132,75,42,0.79259,0.97257,0.074074,2,0,-4.8111,-0.031151,0.41492,92.196
65,132,75,42,0.76296,0.97744,0.18519,2,0,-4.9629,-0.031151,0.41492,92.196
65,132,75,42,0.79259,0.97293,0.18519,2,0,-4.8262,-0.031151,0.41492,92.196
66,133,80,34,0.61786,0.9954,0.26786,4,0,-8.6413,-0.045703,14.708,89.113
66,133,80,34,0.61786,0.9954,0.28571,4,0,-8.9861,-0.045703,14.708,89.113
66,133,80,34,0.60357,0.9954,0.26786,4,0,-8.6546,-0.045703,14.708,89.113
66,133,80,34,0.61786,0.9954,0.21429,4,0,-8.6481,-0.045703,14.708,89.113
66,133,80,34,0.61071,0.9954,0.33929,4,0,-8.9529,-0.045703,14.708,89.113
66,133,80,34,0.61071,0.98422,0.25,4,0,-8.7606,-0.045703,14.708,89.113
66,134,85,40,0.62121,0.99442,0.24242,3,0,-6.7521,-0.045703,14.708,89.113
66,134,85,40,0.62727,0.99442,0.27273,3,0,-6.7186,-0.045703,14.708,89.113
66,134,85,40,0.62121,0.99442,0.30303,3,0,-6.8681,-0.045703,14.708,89.113
66,134,85,40,0.63333,0.99442,0.21212,3,0,-6.6623,-0.045703,14.708,89.113
66,134,85,40,0.62727,0.99442,0.24242,3,0,-6.9646,-0.045703,14.708,89.113
66,134,85,40,0.61515,0.99442,0.27273,3,0,-6.7349,-0.045703,14.708,89.113
67,135,85,45,0.71613,0.99593,0.16129,3,0,-6.7873,-0.02796,0.19942,134.01
67,135,85,45,0.71613,0.98127,0.19355,3,0,-6.8633,-0.02796,0.19942,134.01
67,135,85,45,0.70968,0.98127,0.22581,3,0,-6.9413,-0.02796,0.19942,134.01
67,135,85,45,0.70323,0.98127,0.22581,3,0,-6.719,-0.02796,0.19942,134.01
67,135,85,45,0.72903,0.98127,0.19355,3,0,-6.9587,-0.02796,0.19942,134.01
67,135,85,45,0.71613,0.99865,0.19355,3,0,-6.8079,-0.02796,0.19942,134.01
67,136,70,67,0.824,0.98796,0.08,1,0,-2.9383,-0.02796,0.19942,134.01
67,136,70,67,0.884,0.99119,0.08,1,0,-2.9687,-0.02796,0.19942,134.01
67,136,70,67,0.884,0.99655,0.06,1,0,-2.9491,-0.02796,0.19942,134.01
67,136,70,67,0.852,0.99678,0.06,1,0,-2.8617,-0.02796,0.19942,134.01
67,136,70,67,0.884,0.99503,0.06,1,0,-2.9869,-0.02796,0.19942,134.01
67,136,70,67,0.836,0.99655,0.08,1,0,-2.9216,-0.02796,0.19942,134.01
68,137,75,56,0.85574,0.99139,0.098361,0,0,-0.98488,0.057891,4.0539,139.93
68,137,75,56,0.80984,0.99017,0.081967,0,0,-0.91896,0.057891,4.0539,139.93
68,137,75,56,0.76393,0.99017,0.11475,0,0,-0.94462,0.057891,4.0539,139.93
68,137,75,56,0.80328,0.99017,0.098361,0,0,-0.81797,0.057891,4.0539,139.93
68,137,75,56,0.79672,0.99017,0.04918,0,0,-0.98146,0.057891,4.0539,139.93
68,137,75,56,0.79672,0.99017,0.098361,0,0,-0.90079,0.057891,4.0539,139.93
68,138,75,51,0.81587,0.99262,0.14286,0,0,-0.8492,0.057891,4.0539,139.93
68,138,75,51,0.7873,0.97682,0.11111,0,0,-0.89244,0.057891,4.0539,139.93
68,138,75,51,0.77143,0.99854,0.12698,0,0,-0.87038,0.057891,4.0539,139.93
68,138,75,51,0.75238,0.99854,0.12698,0,0,-0.77318,0.057891,4.0539,139.93
68,138,75,51,0.78413,0.99698,0.14286,0,0,-0.97156,0.057891,4.0539,139.93
68,138,75,51,0.79048,0.99698,0.11111,0,0,-0.88795,0.057891,4.0539,139.93
69,139,70,50,0.82353,0.99785,0.13725,4,0,-8.8808,0.05008,24.452,81.569
69,139,70,50,0.81569,0.99785,0.13725,4,0,-8.9924,0.05008,24.452,81.569
69,139,70,50,0.81569,0.97876,0.17647,4,0,-8.8916,0.05008,24.452,81.569
69,139,70,50,0.80784,0.99482,0.058824,4,0,-8.8253,0.05008,24.452,81.569
69,139,70,50,0.80784,0.98665,0.17647,4,0,-8.9651,0.05008,24.452,81.569
69,139,70,50,0.83922,0.95311,0.13725,4,0,-8.8675,0.05008,24.452,81.569
69,140,65,30,0.72174,0.97969,0.17391,3,0,-6.9074,0.05008,24.452,81.569
69,140,65,30,0.71304,0.99323,0.21739,3,0,-6.7454,0.05008,24.452,81.569
69,140,65,30,0.73043,0.97969,0.21739,3,0,-6.8611,0.05008,24.452,81.569
69,140,65,30,0.72174,0.97969,0.17391,3,0,-6.7388,0.05008,24.452,81.569
69,140,65,30,0.71304,0.99393,0.21739,3,0,-6.9672,0.05008,24.452,81.569
69,140,65,30,0.72174,0.97969,0.21739,3,0,-6.7935,0.05008,24.452,81.569
70,141,95,50,0.69577,0.99133,0.1831,1,0,-2.7334,-0.026675,0.70766,107.13
70,141,95,50,0.69014,0.99081,0.28169,1,0,-2.831,-0.026675,0.70766,107.13
70,141,95,50,0.72958,0.99081,0.19718,1,0,-2.8243,-0.026675,0.70766,107.13
70,141,95,50,0.71268,0.99081,0.19718,1,0,-2.7319,-0.026675,0.70766,107.13
70,141,95,50,0.68451,0.99081,0.29577,1,0,-2.9722,-0.026675,0.70766,107.13
70,141,95,50,0.69014,0.99081,0.1831,1,0,-2.8197,-0.026675,0.70766,107.13
70,142,75,37,0.6898,0.9965,0.2449,0,0,-0.72256,-0.026675,0.70766,107.13
70,142,75,37,0.73061,0.98565,0.22449,0,0,-0.75581,-0.026675,0.70766,107.13
70,142,75,37,0.6898,0.99141,0.2449,0,0,-0.76844,-0.026675,0.70766,107.13
70,142,75,37,0.72245,0.99833,0.20408,0,0,-0.74008,-0.026675,0.70766,107.13
70,142,75,37,0.73469,0.98565,0.22449,0,0,-0.95811,-0.026675,0.70766,107.13
70,142,75,37,0.73878,0.9909,0.22449,0,0,-0.78497,-0.026675,0.70766,107.13
71,143,75,69,0.804,0.9985,0.12,0,0,-0.8287,-0.011884,0.2575,172.9
71,143,75,69,0.752,0.9985,0.04,0,0,-0.97527,-0.011884,0.2575,172.9
71,143,75,69,0.776,0.97659,0.08,0,0,-0.92298,-0.011884,0.2575,172.9
71,143,75,69,0.772,0.9985,0.1,0,0,-0.79386,-0.011884,0.2575,172.9
71,143,75,69,0.764,0.9985,0.1,0,0,-0.98332,-0.011884,0.2575,172.9
71,143,75,69,0.744,0.9985,0.08,0,0,-0.91346,-0.011884,0.2575,172.9
71,144,75,60,0.8381,0.99251,0.079365,0,0,-0.94838,-0.011884,0.2575,172.9
71,144,75,60,0.85079,0.99251,0.11111,0,0,-0.90303,-0.011884,0.2575,172.9
71,144,75,60,0.86349,0.99251,0.079365,0,0,-0.93148,-0.011884,0.2575,172.9
71,144,75,60,0.85079,0.99409,0.079365,0,0,-0.85947,-0.011884,0.2575,172.9
71,144,75,60,0.84444,0.99726,0.11111,0,0,-0.98005,-0.011884,0.2575,172.9
71,144,75,60,0.8381,0.99354,0.079365,0,0,-0.92093,-0.011884,0.2575,172.9
72,145,75,59,0.77895,0.9975,0.15789,0,0,-0.84979,0.11641,29.352,113.93
72,145,75,59,0.76491,0.99019,0.12281,0,0,-0.8653,0.11641,29.352,113.93
72,145,75,59,0.79298,0.99956,0.12281,0,0,-0.86507,0.11641,29.352,113.93
72,145,75,59,0.75789,0.99393,0.19298,0,0,-0.76898,0.11641,29.352,113.93
72,145,75,59,0.76491,0.99967,0.12281,0,0,-0.98291,0.11641,29.352,113.93
72,145,75,59,0.76491,0.99246,0.15789,0,0,-0.84506,0.11641,29.352,113.93
72,146,90,33,0.43077,0.99797,0.38462,9,0,-18.72,0.11641,29.352,113.93
72,146,90,33,0.44308,0.99797,0.32308,9,0,-18.749,0.11641,29.352,113.93
72,146,90,33,0.44308,0.99797,0.44615,9,0,-18.675,0.11641,29.352,113.93
72,146,90,33,0.45538,0.97965,0.38462,9,0,-18.48,0.11641,29.352,113.93
72,146,90,33,0.42462,0.99797,0.38462,9,0,-18.947,0.11641,29.352,113.93
72,146,90,33,0.43077,0.99838,0.44615,9,0,-18.592,0.11641,29.352,113.93
73,147,70,36,0.69434,0.92895,0.24528,2,0,-4.8545,-0.012546,3.0057,128.3
73,147,70,36,0.73962,0.92895,0.16981,2,0,-4.8136,-0.012546,3.0057,128.3
73,147,70,36,0.70943,0.92895,0.16981,2,0,-4.7921,-0.012546,3.0057,128.3
73,147,70,36,0.72453,0.92895,0.20755,2,0,-4.7394,-0.012546,3.0057,128.3
73,147,70,36,0.70189,0.92895,0.20755,2,0,-4.9103,-0.012546,3.0057,128.3
73,147,70,36,0.71698,0.96206,0.20755,2,0,-4.7943,-0.012546,3.0057,128.3
73,148,85,67,0.87463,0.99295,0.089552,0,0,-0.90826,-0.012546,3.0057,128.3
73,148,85,67,0.87164,0.99432,0.10448,0,0,-0.89404,-0.012546,3.0057,128.3
73,148,85,67,0.86866,0.99295,0.1194,0,0,-0.98922,-0.012546,3.0057,128.3
73,148,85,67,0.86866,0.99824,0.10448,0,0,-0.87488,-0.012546,3.0057,128.3
73,148,85,67,0.86866,0.99785,0.059701,0,0,-0.98703,-0.012546,3.0057,128.3
73,148,85,67,0.86269,0.99972,0.1194,0,0,-0.88531,-0.012546,3.0057,128.3
74,149,70,47,0.69796,0.99243,0.14286,2,0,-4.7222,0.0033657,3.2916,132.08
74,149,70,47,0.68163,0.99243,0.20408,2,0,-4.8776,0.0033657,3.2916,132.08
74,149,70,47,0.69388,0.99243,0.12245,2,0,-4.7163,0.0033657,3.2916,132.08
74,149,70,47,0.6898,0.99243,0.22449,2,0,-4.7163,0.0033657,3.2916,132.08
74,149,70,47,0.70612,0.99243,0.16327,2,0,-4.9782,0.0033657,3.2916,132.08
74,149,70,47,0.66939,0.99243,0.20408,2,0,-4.8015,0.0033657,3.2916,132.08
74,150,65,58,0.86122,0.99979,0.081633,1,0,-2.9708,0.0033657,3.2916,132.08
74,150,65,58,0.86531,0.99259,0.10204,0,0,-0.90818,0.0033657,3.2916,132.08
74,150,65,58,0.86939,0.98306,0.081633,1,0,-2.9566,0.0033657,3.2916,132.08
74,150,65,58,0.8449,0.99317,0.10204,0,0,-0.85569,0.0033657,3.2916,132.08
74,150,65,58,0.86531,0.99736,0.10204,0,0,-0.98412,0.0033657,3.2916,132.08
74,150,65,58,0.86122,0.97945,0.12245,1,0,-2.8855,0.0033657,3.2916,132.08
75,151,85,47,0.69538,0.97782,0.23077,3,0,-6.8446,0.27193,62.421,132.1
75,151,85,47,0.71385,0.99386,0.2,3,0,-6.8782,0.27193,62.421,132.1
75,151,85,47,0.71385,0.9998,0.2,3,0,-6.9704,0.27193,62.421,132.1
75,151,85,47,0.75077,0.95403,0.2,3,0,-6.7648,0.27193,62.421,132.1
75,151,85,47,0.70154,0.99467,0.2,3,0,-6.97,0.27193,62.421,132.1
75,151,85,47,0.71385,0.99856,0.2,3,0,-6.8083,0.27193,62.421,132.1
75,152,75,49,0.72,0.98936,0.076923,2,0,-4.9556,0.27193,62.421,132.1
75,152,75,49,0.71385,0.98425,0.13846,2,0,-4.9406,0.27193,62.421,132.1
75,152,75,49,0.72615,0.98701,0.10769,2,0,-4.9556,0.27193,62.421,132.1
75,152,75,49,0.79385,0.92227,0.10769,2,0,-4.8059,0.27193,62.421,132.1
75,152,75,49,0.74462,0.99288,0.13846,2,0,-4.9763,0.27193,62.421,132.1
75,152,75,49,0.76308,0.98425,0.13846,2,0,-4.8647,0.27193,62.421,132.1
76,153,70,36,0.712,0.98923,0.2,5,0,-10.885,0.065271,28.066,121.61
76,153,70,36,0.704,0.98923,0.2,4,0,-8.8261,0.065271,28.066,121.61
76,153,70,36,0.728,0.98923,0.2,5,0,-10.794,0.065271,28.066,121.61
76,153,70,36,0.72,0.99203,0.2,4,0,-8.7452,0.065271,28.066,121.61
76,153,70,36,0.688,0.98923,0.2,4,0,-8.9541,0.065271,28.066,121.61
76,153,70,36,0.688,0.98923,0.28,5,0,-10.735,0.065271,28.066,121.61
76,154,80,60,0.82899,0.99725,0.10145,2,0,-4.9938,0.065271,28.066,121.61
76,154,80,60,0.85217,0.99852,0.10145,2,0,-4.9467,0.065271,28.066,121.61
76,154,80,60,0.81739,0.99846,0.13043,2,0,-4.9218,0.065271,28.066,121.61
76,154,80,60,0.7942,0.99846,0.10145,2,0,-4.8078,0.065271,28.066,121.61
76,154,80,60,0.86957,0.99846,0.10145,2,0,-4.9852,0.065271,28.066,121.61
76,154,80,60,0.7942,0.99846,0.10145,2,0,-4.8982,0.065271,28.066,121.61
77,155,60,43,0.82667,0.97969,0.15556,2,0,-4.8447,0.22359,35.216,99.166
77,155,60,43,0.80889,0.99062,0.15556,2,0,-4.8399,0.22359,35.216,99.166
77,155,60,43,0.81778,0.97913,0.15556,2,0,-4.893,0.22359,35.216,99.166
77,155,60,43,0.83556,0.99751,0.11111,1,0,-2.8486,0.22359,35.216,99.166
77,155,60,43,0.82667,0.9981,0.15556,0,0,-0.97961,0.22359,35.216,99.166
77,155,60,43,0.81778,0.99836,0.15556,1,0,-2.849,0.22359,35.216,99.166
77,156,85,42,0.77846,0.99086,0.12308,0,0,-0.87796,0.22359,35.216,99.166
77,156,85,42,0.74769,0.99195,0.16923,0,0,-0.94294,0.22359,35.216,99.166
77,156,85,42,0.74154,0.99086,0.2,0,0,-0.79978,0.22359,35.216,99.166
77,156,85,42,0.73231,0.99086,0.2,0,0,-0.74817,0.22359,35.216,99.166
77,156,85,42,0.75077,0.9931,0.2,0,0,-0.97809,0.22359,35.216,99.166
77,156,85,42,0.72308,0.99086,0.16923,0,0,-0.83298,0.22359,35.216,99.166
78,157,85,45,0.68986,0.99647,0.18841,6,0,-12.721,0.0027207,34.698,105.4
78,157,85,45,0.71304,0.99647,0.18841,6,0,-12.931,0.0027207,34.698,105.4
78,157,85,45,0.68986,0.99647,0.24638,6,0,-12.789,0.0027207,34.698,105.4
78,157,85,45,0.68986,0.99647,0.18841,6,0,-12.706,0.0027207,34.698,105.4
78,157,85,45,0.70145,0.97211,0.18841,6,0,-12.949,0.0027207,34.698,105.4
78,157,85,45,0.71304,0.99647,0.18841,6,0,-12.816,0.0027207,34.698,105.4
78,158,85,49,0.78621,0.99688,0.17241,4,0,-8.8755,0.0027207,34.698,105.4
78,158,85,49,0.77241,0.99688,0.2069,4,0,-8.9303,0.0027207,34.698,105.4
78,158,85,49,0.77241,0.99688,0.2069,4,0,-8.943,0.0027207,34.698,105.4
78,158,85,49,0.75862,0.99688,0.2069,4,0,-8.7678,0.0027207,34.698,105.4
78,158,85,49,0.77241,0.99688,0.2069,4,0,-8.9709,0.0027207,34.698,105.4
78,158,85,49,0.77931,0.99688,0.17241,4,0,-8.8297,0.0027207,34.698,105.4
79,159,70,46,0.77143,0.99971,0.14286,0,0,-0.87702,0.15715,19.509,104.87
79,159,70,46,0.79592,0.97282,0.14286,0,0,-0.91152,0.15715,19.509,104.87
79,159,70,46,0.78367,0.98861,0.10204,0,0,-0.89877,0.15715,19.509,104.87
79,159,70,46,0.77551,0.9941,0.18367,0,0,-0.78525,0.15715,19.509,104.87
79,159,70,46,0.78367,0.98861,0.18367,0,0,-0.9719,0.15715,19.509,104.87
79,159,70,46,0.77551,0.9941,0.18367,0,0,-0.82101,0.15715,19.509,104.87
79,160,90,47,0.71642,0.99706,0.19403,6,0,-12.88,0.15715,19.509,104.87
79,160,90,47,0.73433,0.98976,0.19403,6,0,-12.789,0.15715,19.509,104.87
79,160,90,47,0.7403,0.98976,0.16418,6,0,-12.871,0.15715,19.509,104.87
79,160,90,47,0.72239,0.99639,0.22388,6,0,-12.737,0.15715,19.509,104.87
79,160,90,47,0.71642,0.98976,0.19403,6,0,-12.963,0.15715,19.509,104.87
79,160,90,47,0.72239,0.99958,0.19403,6,0,-12.809,0.15715,19.509,104.87
80,161,70,61,0.84167,0.99945,0.083333,0,0,-0.89874,-0.012983,0.8924,164.71
80,161,70,61,0.85,0.99659,0.083333,0,0,-0.97522,-0.012983,0.8924,164.71
80,161,70,61,0.75833,0.97518,0.083333,0,0,-0.83458,-0.012983,0.8924,164.71
80,161,70,61,0.85833,0.98599,0.10417,0,0,-0.86487,-0.012983,0.8924,164.71
80,161,70,61,0.825,0.97989,0.125,0,0,-0.96566,-0.012983,0.8924,164.71
80,161,70,61,0.82083,0.99712,0.125,0,0,-0.87773,-0.012983,0.8924,164.71
80,162,70,52,0.71475,0.99418,0.2459,0,0,-0.74476,-0.012983,0.8924,164.71
80,162,70,52,0.71475,0.99418,0.081967,0,0,-0.89903,-0.012983,0.8924,164.71
80,162,70,52,0.79016,0.98316,0.065574,0,0,-0.88478,-0.012983,0.8924,164.71
80,162,70,52,0.76721,0.99063,0.081967,0,0,-0.78236,-0.012983,0.8924,164.71
80,162,70,52,0.71475,0.989,0.11475,0,0,-0.97864,-0.012983,0.8924,164.71
80,162,70,52,0.76393,0.99435,0.081967,0,0,-0.91337,-0.012983,0.8924,164.71
81,163,75,55,0.66667,0.99472,0.12281,0,0,-0.692,-0.012176,0.18693,186.8
81,163,75,55,0.73684,0.97914,0.12281,0,0,-0.87246,-0.012176,0.18693,186.8
81,163,75,55,0.73684,0.99472,0.15789,0,0,-0.88564,-0.012176,0.18693,186.8
81,163,75,55,0.80351,0.99859,0.087719,0,0,-0.81447,-0.012176,0.18693,186.8
81,163,75,55,0.74035,0.99742,0.12281,0,0,-0.97356,-0.012176,0.18693,186.8
81,163,75,55,0.6807,0.99472,0.22807,0,0,-0.77517,-0.012176,0.18693,186.8
81,164,85,67,0.75556,0.98924,0.14286,0,0,-0.8582,-0.012176,0.18693,186.8
81,164,85,67,0.84762,0.99999,0.095238,0,0,-0.93423,-0.012176,0.18693,186.8
81,164,85,67,0.76508,0.99762,0.1746,0,0,-0.82862,-0.012176,0.18693,186.8
81,164,85,67,0.76508,0.99901,0.14286,0,0,-0.77982,-0.012176,0.18693,186.8
81,164,85,67,0.7873,0.98924,0.14286,0,0,-0.97669,-0.012176,0.18693,186.8
81,164,85,67,0.82222,0.99769,0.11111,0,0,-0.8921,-0.012176,0.18693,186.8
82,165,75,70,0.81404,0.99984,0.12281,0,0,-0.81427,0.084898,13.443,172.16
82,165,75,70,0.81053,0.99632,0.087719,0,0,-0.95202,0.084898,13.443,172.16
82,165,75,70,0.82105,0.98114,0.052632,0,0,-0.88227,0.084898,13.443,172.16
82,165,75,70,0.83158,0.99853,0.087719,0,0,-0.84578,0.084898,13.443,172.16
82,165,75,70,0.84912,0.99632,0.12281,0,0,-0.98667,0.084898,13.443,172.16
82,165,75,70,0.8386,0.99949,0.12281,0,0,-0.88222,0.084898,13.443,172.16
82,166,85,56,0.81538,0.98027,0.15385,2,0,-4.8803,0.084898,13.443,172.16
82,166,85,56,0.81846,0.98347,0.16923,1,0,-2.8297,0.084898,13.443,172.16
82,166,85,56,0.78462,0.99808,0.18462,0,0,-0.81427,0.084898,13.443,172.16
82,166,85,56,0.83385,0.99855,0.13846,1,0,-2.8445,0.084898,13.443,172.16
82,166,85,56,0.81846,0.99805,0.13846,0,0,-0.98028,0.084898,13.443,172.16
82,166,85,56,0.82154,0.97771,0.15385,0,0,-0.84818,0.084898,13.443,172.16
83,167,75,64,0.81429,0.98568,0.14286,0,0,-0.87734,-0.044814,0.20431,196.84
83,167,75,64,0.80357,0.98322,0.089286,0,0,-0.93956,-0.044814,0.20431,196.84
83,167,75,64,0.78571,0.99814,0.14286,0,0,-0.89086,-0.044814,0.20431,196.84
83,167,75,64,0.78571,0.99165,0.089286,0,0,-0.80299,-0.044814,0.20431,196.84
83,167,75,64,0.79286,0.98322,0.14286,0,0,-0.96816,-0.044814,0.20431,196.84
83,167,75,64,0.84643,0.99814,0.053571,0,0,-0.9422,-0.044814,0.20431,196.84
83,168,80,64,0.76875,0.99963,0.0625,0,0,-0.93873,-0.044814,0.20431,196.84
83,168,80,64,0.84375,0.99963,0.09375,0,0,-0.92452,-0.044814,0.20431,196.84
83,168,80,64,0.70937,0.99963,0.15625,0,0,-0.79318,-0.044814,0.20431,196.84
83,168,80,64,0.73438,0.98179,0.17188,0,0,-0.74772,-0.044814,0.20431,196.84
83,168,80,64,0.76562,0.99481,0.15625,0,0,-0.97629,-0.044814,0.20431,196.84
83,168,80,64,0.78125,0.99963,0.078125,0,0,-0.91501,-0.044814,0.20431,196.84
84,169,80,58,0.80714,0.99003,0.14286,0,0,-0.81842,0.013278,0.063878,181.34
84,169,80,58,0.82857,0.99449,0.10714,0,0,-0.86429,0.013278,0.063878,181.34
84,169,80,58,0.825,0.98912,0.125,0,0,-0.8399,0.013278,0.063878,181.34
84,169,80,58,0.78929,0.99181,0.14286,0,0,-0.80431,0.013278,0.063878,181.34
84,169,80,58,0.82857,0.99682,0.14286,0,0,-0.9807,0.013278,0.063878,181.34
84,169,80,58,0.83929,0.98912,0.125,0,0,-0.87579,0.013278,0.063878,181.34
84,170,75,68,0.78519,0.98883,0.12963,0,0,-0.82834,0.013278,0.063878,181.34
84,170,75,68,0.79259,0.99641,0.092593,0,0,-0.90621,0.013278,0.063878,181.34
84,170,75,68,0.78519,0.99771,0.092593,0,0,-0.93759,0.013278,0.063878,181.34
84,170,75,68,0.75185,0.99938,0.11111,0,0,-0.77668,0.013278,0.063878,181.34
84,170,75,68,0.83333,0.99641,0.092593,0,0,-0.98583,0.013278,0.063878,181.34
84,170,75,68,0.80741,0.99954,0.11111,0,0,-0.88995,0.013278,0.063878,181.34
85,171,70,33,0.69388,0.99054,0.26531,5,0,-10.858,0.010409,28.337,58.465
85,171,70,33,0.67755,0.99054,0.22449,5,0,-10.78,0.010409,28.337,58.465
85,171,70,33,0.68571,0.99054,0.26531,5,0,-10.725,0.010409,28.337,58.465
85,171,70,33,0.69388,0.99054,0.22449,5,0,-10.711,0.010409,28.337,58.465
85,171,70,33,0.71837,0.99054,0.26531,4,0,-8.9649,0.010409,28.337,58.465
85,171,70,33,0.67755,0.99054,0.26531,5,0,-10.754,0.010409,28.337,58.465
85,172,70,30,0.624,0.97282,0.28,6,0,-12.803,0.010409,28.337,58.465
85,172,70,30,0.624,0.97282,0.28,6,0,-12.834,0.010409,28.337,58.465
85,172,70,30,0.624,0.97282,0.28,6,0,-12.845,0.010409,28.337,58.465
85,172,70,30,0.608,0.97282,0.28,6,0,-12.64,0.010409,28.337,58.465
85,172,70,30,0.608,0.97282,0.28,6,0,-12.939,0.010409,28.337,58.465
85,172,70,30,0.624,0.97282,0.36,6,0,-12.657,0.010409,28.337,58.465
86,173,65,67,0.86809,0.98768,0.042553,0,0,-0.91618,-0.034186,166.42,126.17
86,173,65,67,0.85532,0.99389,0.021277,0,0,-0.98537,-0.034186,166.42,126.17
86,173,65,67,0.85532,0.99668,0.042553,0,0,-0.89519,-0.034186,166.42,126.17
86,173,65,67,0.80851,0.99389,0.085106,0,0,-0.82569,-0.034186,166.42,126.17
86,173,65,67,0.8383,0.98768,0.085106,0,0,-0.97509,-0.034186,166.42,126.17
86,173,65,67,0.85957,0.98768,0.06383,0,0,-0.9378,-0.034186,166.42,126.17
86,174,85,38,0.53793,0.98701,0.37931,14,0,-28.667,-0.034186,166.42,126.17
86,174,85,38,0.53793,0.98701,0.37931,14,0,-28.558,-0.034186,166.42,126.17
86,174,85,38,0.52414,0.98701,0.41379,14,0,-28.921,-0.034186,166.42,126.17
86,174,85,38,0.52414,0.98701,0.37931,14,0,-28.543,-0.034186,166.42,126.17
86,174,85,38,0.52414,0.99454,0.37931,14,0,-28.954,-0.034186,166.42,126.17
86,174,85,38,0.53103,0.98701,0.44828,14,0,-28.567,-0.034186,166.42,126.17
