iter,seed,category,ret,E_wh,T_s,unserved,E_lamE_high,T_lamE_high,E_lamT_high,T_lamT_high,pg_loss,v_loss,entropy,kl,energy_check_err
0,2000,2,-1.8224,830.11,1190.6,0,828.6,1180.2,832.04,1203.9,-0.0093858,0.088892,4.2838,0.013607,0.00012207
1,2001,0,-5.2225,462.98,597.12,4.3281,460.97,599.03,464.65,595.54,-0.019953,4.7308,3.9069,0.013038,nan
2,2002,3,-1.7389,761.29,976,0,758.01,972.17,765.25,980.61,-0.010447,0.57982,4.2079,0.012141,0.00018311
3,2003,1,-1.7656,676.25,938.79,0,669.41,926.26,683.53,952.13,-0.010227,0.13931,3.7205,0.015244,0.00018311
4,2004,0,-1.5122,428.38,546.94,0.10938,425.75,538.26,431.18,556.17,-0.023216,0.1084,3.2958,0.016851,6.1035e-05
5,2005,0,-5.7607,467.89,601.95,4.6719,467.97,609.15,467.78,591.42,0.03086,5.7074,3.8143,0.028867,nan
6,2006,3,-1.6347,583.11,694.65,0,576.54,686.33,588.21,701.13,-0.0099654,0.92229,3.8465,0.017551,6.1035e-05
7,2007,3,-1.7248,634.02,772.04,0,628.43,761.88,641.22,785.1,-0.012388,0.053799,3.8815,0.020762,0.00012207
8,2008,0,-5.1005,464.29,562.48,4.2344,468.68,582.99,460.88,546.53,0.0026114,2.4989,3.5687,0.007287,nan
9,2009,2,-1.6219,761.11,916.44,0,747.41,912.2,773.2,920.19,-0.0085493,0.31571,3.9092,0.008766,0.00012207
10,2010,1,-1.3982,682.34,797.57,0,675.89,792.15,689.65,803.72,-0.01346,0.073489,3.5568,0.014068,0.00012207
11,2011,0,-2.013,454.32,530.76,0.98438,453.38,533.03,455.14,528.77,-0.019815,0.29299,3.083,0.0014603,3.0518e-05
12,2012,0,-5.0096,465.04,577.32,4.0312,464.99,576.27,465.1,578.5,-0.0057839,3.2857,3.4396,0.026776,nan
13,2013,3,-1.4268,579.19,677.15,0,574.13,676.16,584.25,678.15,-0.0016867,0.20517,3.5343,0.015007,0.00012207
14,2014,2,-1.703,555.62,643.63,0,552.97,642.57,557.43,644.35,-0.018211,0.059945,3.4474,0.014474,0.00012207
15,2015,1,-1.3646,559.7,636.67,0,554.95,638.39,564.75,634.83,-0.02705,0.019864,3.2481,0.022895,9.1553e-05
16,2016,1,-1.4746,726.53,839.76,0,722.49,852.82,731.12,824.95,-0.029236,0.010086,3.1567,0.019334,0.00012207
17,2017,0,-4.7017,466.51,505.58,3.6875,468.69,523.17,463.34,479.86,-0.01189,2.7442,3.097,0.029342,nan
18,2018,0,-5.3514,468.02,502.54,4.5156,467.77,513.47,468.23,493.49,-0.011405,0.84802,3.2821,0.01516,nan
19,2019,2,-1.4348,742.86,826.55,0,759.42,866.87,724.09,780.85,-0.00062147,0.20987,3.2559,0.027652,0.00018311
20,2020,2,-1.575,865.12,930.02,0,892.44,1000.7,842.48,871.43,-0.0077934,0.024505,3.4868,0.019414,0.00018311
21,2021,1,-1.4737,822.09,914.34,0,847.97,961.27,800.65,875.46,-0.017629,0.0098495,3.1777,0.02122,0.00012207
22,2022,0,-5.7565,461.4,491.7,4.9531,458.59,492.82,465.51,490.06,-0.0056491,3.5732,3.0577,0.027582,nan
23,2023,3,-1.4537,575.8,577.49,0,577.25,598.82,574.59,559.81,-0.0025669,0.095648,3.2185,0.024649,6.1035e-05
24,2024,1,-1.2772,598.75,622.14,0,610.27,657.6,589.21,592.76,-0.011958,0.047135,2.7073,0.023914,0.00012207
25,2025,3,-1.4346,705.32,744.46,0,714.64,782.48,695.4,703.98,-0.012141,0.0084375,3.3106,0.015972,0.00012207
26,2026,2,-1.3953,520.91,544.44,0,530.74,582.33,511.08,506.54,-0.015248,0.011321,2.8193,0.02883,0.00012207
27,2027,2,-1.4302,627.4,639.65,0,621.72,672.73,632.74,608.57,-0.02672,0.0096241,2.8217,0.025022,0.00012207
28,2028,1,-1.1699,550.18,564.12,0,552.75,596.5,547.91,535.54,-0.026723,0.010369,2.4989,0.02681,6.1035e-05
29,2029,2,-1.1517,514.23,507.36,0,510.75,544.31,517.29,474.75,-0.02565,0.0074354,2.6124,0.034805,0.00012207
30,2030,3,-1.504,764.25,777.9,0,734.83,823.36,788.62,740.24,-0.020421,0.0084681,3.3762,0.039234,0.00018311
31,2031,1,-1.3115,790.39,843.54,0,777.62,893.04,803.99,790.84,-0.022475,0.0077417,2.9014,0.018849,0.00012207
32,2032,0,-2.1839,458.13,494.72,1.1562,456.61,508.06,459.97,478.63,-0.020746,0.2661,2.6304,0.020927,3.0518e-05
33,2033,1,-1.4321,762.9,799.07,0,724.89,834.01,788.9,775.17,-0.025086,0.0072651,2.8612,0.040004,0.00018311
34,2034,1,-1.0751,479.64,499,0,461.12,535.32,493.15,472.48,-0.023503,0.0065265,2.4356,0.020097,6.1035e-05
35,2035,0,-3.5321,440.78,475.38,2.6719,451.3,498.91,424.38,438.68,-0.032114,1.6184,2.3941,0.055462,3.0518e-05
36,2036,0,-2.5319,467.47,517.15,1.5469,468.25,531.72,466.52,499.58,-0.024296,0.36163,1.9357,0.03051,3.0518e-05
37,2037,2,-1.1415,605.1,634.01,0,596.74,669.13,615.2,591.63,-0.0080623,0.0061761,2.9212,0.02735,0.00012207
38,2038,0,-3.474,460.59,522.35,2.5938,455.8,540.66,464.56,507.17,-0.022204,0.90218,2.2482,0.016481,3.0518e-05
39,2039,1,-1.3273,753.83,789.42,0,740.2,852.54,767.46,726.31,-0.01158,0.013817,2.6665,0.037399,0.00012207
40,2040,1,-1.1374,642.09,727.06,0,628.89,798.12,661.37,623.2,-0.0077684,0.0056465,2.8049,0.028556,0.00012207
41,2041,2,-1.4076,737.78,746.15,0,691.5,826.22,763.75,701.23,-0.022036,0.0054474,2.6033,0.04385,0.00012207
42,2042,2,-1.2085,541.15,542.24,0,538.8,597.83,543.22,493.2,-0.023051,0.004543,2.4388,0.03486,0.00012207
43,2043,0,-1.1715,420.17,457.06,0.015625,410.1,467.13,429.05,448.17,-0.010442,0.27138,1.8271,0.044365,6.1035e-05
44,2044,3,-1.4715,759.97,827.4,0,746.29,981.43,772.04,691.49,-0.020423,0.017348,3.0977,0.040516,0.00024414
45,2045,2,-1.1646,607.89,669.46,0,608.3,774.36,607.43,550.57,-0.02936,0.0037289,2.9372,0.042003,0.00012207
46,2046,1,-1.1287,510.06,572.08,0,511.71,642.88,507.49,461.63,-0.038227,0.0061196,2.3602,0.056515,6.1035e-05
47,2047,1,-1.3001,730.44,799.16,0,715.5,904.61,745.38,693.71,-0.018619,0.0041705,2.7986,0.055851,0.00012207
48,2048,2,-1.2285,519.51,524.41,0,492.55,589.67,536.79,482.57,-0.037563,0.00435,2.1157,0.03244,0.00012207
49,2049,3,-1.2162,568.01,566.89,0,555.91,646.64,578.69,496.52,-0.031517,0.0030183,2.6649,0.0572,0.00012207
50,2050,2,-1.0653,593.18,634.34,0,580.54,737.35,605.05,537.58,-0.03252,0.0026911,2.4541,0.055021,0.00012207
51,2051,2,-1.0947,468.59,502.22,0,431.03,539.76,506.14,464.69,-0.019401,0.00493,2.1037,0.021245,9.1553e-05
52,2052,0,-2.8771,453.59,503.5,2.0469,451.63,539.74,455.22,473.47,-0.0062333,0.39066,1.9725,0.081676,nan
53,2053,3,-0.99582,456.49,435.64,0,431.17,481.59,469.75,411.57,-0.024911,0.019117,1.9967,0.048734,6.1035e-05
54,2054,1,-1.0658,646.03,713.99,0,616.49,775.52,681.69,639.73,-0.020712,0.0044188,2.2491,0.055494,0.00012207
55,2055,1,-1.1388,597.04,643.4,0,567.81,703.6,637.09,560.9,-0.028347,0.0026681,1.8581,0.041033,0.00012207
56,2056,1,-0.91844,432.4,447.9,0,416.46,506.16,447.37,393.18,-0.034397,0.0046262,1.4731,0.071559,9.1553e-05
57,2057,2,-0.89682,443.26,470.49,0,432.53,515.17,461.14,396.03,-0.045289,0.0026355,1.8998,0.089362,9.1553e-05
58,2058,3,-1.1009,574.57,575.11,0,543.8,633.74,598.5,529.51,-0.019312,0.0028169,2.2754,0.060754,0.00012207
59,2059,2,-1.09,622.37,669.98,0,593.94,737.17,658.92,583.59,-0.015825,0.0021071,2.1582,0.085725,0.00012207
60,2060,0,-2.7354,466.02,470.1,1.7969,466.97,527.35,465.33,428.33,-0.033369,0.62984,1.6208,0.036454,6.1035e-05
61,2061,0,-3.031,471.69,519.19,2.2031,471.31,575.21,472.19,447.15,-0.019479,0.51385,1.7202,0.05576,6.1035e-05
62,2062,0,-5.105,474.08,482.66,4.25,475.97,537.76,472.41,434.05,0.022037,0.96746,1.5165,0.083034,nan
63,2063,2,-1.1713,598.68,632.7,0,570.53,692.95,628.66,568.58,-0.0055959,0.037302,2.1874,0.067897,0.00012207
64,2064,2,-1.0882,598.36,603.55,0,567.94,672.03,626.94,539.21,-0.018121,0.010766,2.0443,0.062845,0.00012207
65,2065,2,-0.98839,539.02,560.59,0,514.32,614.98,567.02,498.95,-0.02502,0.0046576,2.0869,0.052696,6.1035e-05
66,2066,2,-0.99176,434.69,452.28,0,408.85,494.69,462.19,407.13,-0.033308,0.0038309,1.8629,0.045758,6.1035e-05
67,2067,0,-2.4861,469.5,489.09,1.5156,464.98,535.87,474.31,439.29,-0.036392,0.32128,1.5271,0.068941,3.0518e-05
68,2068,1,-1.0079,584.97,631.12,0,546.17,697.49,613.29,582.69,-0.019323,0.0058812,2.0663,0.058941,0.00012207
69,2069,3,-1.1679,569.21,594.52,0,558.02,660.23,581.12,524.57,-0.0020306,0.0039722,2.1468,0.064055,0.00018311
70,2070,1,-1.0686,605.99,658.1,0,576.82,705.52,643.48,597.15,-0.032211,0.0032751,2.0142,0.22723,0.00012207
71,2071,3,-0.98733,462.95,475.86,0,439.76,544.01,478.82,429.23,-0.018296,0.0022965,1.9372,0.061305,6.1035e-05
72,2072,2,-1.1341,647.39,673.63,0,621.1,761.51,673.69,585.75,-0.024738,0.0026839,2.23,0.059279,0.00012207
73,2073,1,-0.98716,509.76,556.74,0,491.2,614.94,530.79,490.77,-0.039091,0.0029228,1.8719,0.086606,0.00012207
74,2074,3,-1.0794,475.21,452.21,0,459.44,515.67,483.47,418.96,-0.032286,0.0015891,1.8632,0.033458,9.1553e-05
75,2075,0,-1.2116,431.83,439.83,0.20312,416.48,467.4,450.36,406.57,-0.017462,0.2175,1.6409,0.048328,6.1035e-05
76,2076,0,-3.4626,471.09,490.51,2.6562,470.48,531.63,471.99,430.43,-8.7659e-05,1.5575,1.783,0.091095,6.1035e-05
77,2077,0,-2.0901,466.98,482.35,1.2344,463.78,527.56,469.8,442.45,-0.0063945,0.54151,1.5173,0.20306,6.1035e-05
78,2078,3,-1.1948,632.04,663.36,0,604.26,710.47,670.1,598.79,-0.0085546,0.0079151,2.3998,0.039126,0.00012207
79,2079,3,-1.1255,442.81,435.97,0,424,466.03,466.99,397.33,-0.025664,0.0062915,1.9996,0.058367,9.1553e-05
80,2080,3,-1.0855,437.98,470.94,0,425.46,508.24,454.06,422.98,-0.0093713,0.0035367,2.0017,0.076529,9.1553e-05
81,2081,1,-1.06,450.04,459.14,0,436.29,516.93,463.79,401.36,-0.034888,0.0030584,1.6172,0.042633,6.1035e-05
82,2082,2,-1.186,551.59,567.58,0,522.55,640.52,580.62,494.64,-0.034792,0.0030625,1.8314,0.056829,0.00012207
83,2083,0,-1.5607,446.35,460.95,0.67188,434.25,529.28,455.76,407.81,-0.040326,0.19802,1.0533,0.084706,3.0518e-05
84,2084,2,-1.0636,546.67,558.59,0,526.43,627.21,563.44,501.73,-0.024557,0.0027831,1.7427,0.059208,0.00012207
85,2085,0,-3.4006,475.78,472.94,2.6094,473.37,514.14,478.2,431.73,-0.033306,0.84373,1.0095,0.08346,nan
86,2086,2,-0.99609,519.9,551.18,0,507.91,631.5,531.88,470.87,-0.023177,0.013463,1.7488,0.092595,0.00012207
87,2087,2,-1.2004,557.86,574.61,0,525.67,647.12,581.34,521.7,-0.01455,0.0043482,1.7913,0.085923,0.00012207
88,2088,3,-1.105,517.79,542.63,0,487.18,586.25,557.14,486.54,-0.017109,0.0031658,2.1144,0.024268,0.00012207
89,2089,0,-2.7633,466.2,472.47,1.9375,467.42,559.8,465.46,420.08,-0.033554,0.22846,1.1606,0.032309,0
90,2090,2,-1.11,462.09,486.12,0,436.96,548.82,488.84,419.37,-0.036664,0.0046967,1.7158,0.087265,9.1553e-05
91,2091,2,-1.109,572.55,621.34,0,551.67,712.16,594.79,524.67,-0.02757,0.0020796,1.864,0.13083,0.00012207
92,2092,2,-1.0743,603.34,673.79,0,572.57,786.36,634.1,561.22,-0.024786,0.0021072,1.7138,0.1015,0.00012207
93,2093,0,-3.7164,467.52,468.45,2.9375,472.35,546.22,464.21,415.24,-0.0084981,0.35535,1.1442,0.10466,nan
94,2094,0,-1.0493,372.81,382.83,0,361.58,425.06,380,355.75,-0.006798,0.66247,1.0004,0.10475,3.0518e-05
95,2095,3,-1.1544,597.21,648.82,0,534.22,758.93,652.79,551.66,-0.024451,0.0078429,1.7896,0.11775,0.00012207
96,2096,2,-0.95804,525.19,592.46,0,514.6,702.99,535.78,481.93,-0.023427,0.0017638,1.6548,0.097087,0.00012207
97,2097,1,-0.95536,442.04,503.76,0,438.55,596.42,445.12,422.01,-0.026028,0.002424,1.5551,0.12737,6.1035e-05
98,2098,1,-0.97367,542.46,605.57,0,524.45,735.49,556.46,504.52,-0.020783,0.0015344,1.5069,0.12248,6.1035e-05
99,2099,2,-1.1393,589.75,695.72,0,580,811.88,600.81,564.06,-0.032269,0.0025078,1.7198,0.066248,0.00012207
100,2100,0,-2.7916,467.38,530.85,1.8594,465.29,608.51,470.08,431,-0.033862,0.55955,1.5569,0.33503,3.0518e-05
101,2101,2,-1.0271,417.09,485.52,0,395.94,557.04,442.62,399.2,-0.022506,0.019629,1.7082,0.04097,9.1553e-05
102,2102,1,-1.0337,625.47,720.92,0,608.27,847.46,642.67,594.37,-0.020086,0.0045846,1.7338,0.10501,0.00012207
103,2103,3,-1.2327,592.06,687.43,0,573.07,802.47,613.58,557.06,-0.015248,0.0033458,2.2278,0.057517,0.00012207
104,2104,2,-1.1367,425.39,475.06,0,417.12,557.19,434.2,387.64,-0.050176,0.0046592,1.6611,0.11702,6.1035e-05
105,2105,2,-1.0541,452.33,489.11,0,440.73,586.59,460.79,417.98,-0.035399,0.0035958,1.6655,0.20484,6.1035e-05
106,2106,3,-1.121,514.72,523.17,0,485.76,621.35,534.54,456,-0.033722,0.0025641,1.8502,0.067322,9.1553e-05
107,2107,1,-0.99292,586.35,676.89,0,571.14,820.87,600.65,541.63,-0.037783,0.0018264,1.718,0.073553,0.00012207
108,2108,2,-1.0626,438.49,440.9,0,423.2,519.17,448.96,387.34,-0.031114,0.0019937,1.4552,0.09511,9.1553e-05
109,2109,2,-0.97683,474.43,515.4,0,450.59,590.18,501.45,430.64,-0.044186,0.0015283,1.6245,0.13546,9.1553e-05
110,2110,0,-2.1649,453.54,499.93,1.2344,449.1,552.91,460.02,422.5,-0.024714,0.18564,1.4412,0.081036,3.0518e-05
111,2111,3,-1.1414,497.45,491.6,0,467.6,521.86,538.36,450.13,-0.027924,0.0051676,1.9525,0.057909,0.00012207
112,2112,0,-2.602,466.44,489.95,1.7188,472.67,570.68,461.6,427.16,-0.036921,0.21637,1.1591,0.025466,3.0518e-05
113,2113,2,-1.0464,496,520.01,0,464.79,560.16,538.78,465,-0.027518,0.0083068,2.1268,0.024943,9.1553e-05
114,2114,1,-1.098,521.94,610.82,0,490.66,683.3,559.69,523.35,-0.036394,0.0037959,1.9313,0.05759,6.1035e-05
115,2115,3,-1.0921,535.99,496.64,0,509.3,558.57,550.96,461.9,-0.017173,0.0030215,1.8926,0.04666,0.00012207
116,2116,2,-1.1128,577.32,623.86,0,536.68,691.62,615.49,560.2,-0.026788,0.0030577,2.0043,0.02717,0.00012207
117,2117,2,-1.1283,638.87,655.28,0,575.84,706.62,691.1,612.75,-0.027487,0.0027334,1.865,0.08689,0.00012207
118,2118,1,-1.0876,518.64,528.92,0,494.57,579.35,544.26,475.24,-0.030521,0.0025925,1.7722,0.059416,0.00012207
119,2119,3,-1.0565,558.06,547.69,0,521.6,616.57,590.23,486.91,-0.02338,0.0021409,1.8321,0.065694,0.00012207
120,2120,0,-2.6624,472.32,486.04,1.75,469.96,525.15,475.17,438.85,-0.025876,0.30546,1.1213,0.094429,0
121,2121,2,-0.97217,439.48,431.44,0,418.35,458.73,470.36,391.56,-0.031308,0.0068893,1.7002,0.03774,0.00012207
122,2122,2,-1.0539,553.59,569.14,0,499.16,584.4,619.29,550.73,-0.014646,0.0032553,1.9463,0.13,0.00012207
123,2123,2,-1.0875,531.88,529.95,0,510.07,588.9,556.6,463.13,-0.020265,0.0023669,1.6333,0.087087,6.1035e-05
124,2124,2,-1.0979,629.23,597.7,0,591.91,662,656.47,550.78,-0.042682,0.0022987,1.5885,0.20272,0.00012207
125,2125,0,-2.7904,469.4,485.3,1.9219,471.21,554.83,467.7,419.99,-0.026445,0.32453,1.6647,0.027354,6.1035e-05
126,2126,1,-1.0046,553.44,572.48,0,533.9,649.1,570.68,504.87,-0.016189,0.0058865,1.6958,0.041283,0.00012207
127,2127,2,-1.1453,497.75,503.35,0,481.57,557.97,512.96,452.03,-0.028584,0.0031595,1.7556,0.063784,6.1035e-05
128,2128,3,-1.0885,452.61,452.11,0,448.79,519.58,455.58,399.63,-0.041564,0.001801,1.5515,0.057152,6.1035e-05
129,2129,2,-1.0061,503.93,521.34,0,482.97,567.8,526.23,471.89,-0.026981,0.001581,1.7164,0.059425,6.1035e-05
130,2130,1,-1.1059,532.5,551.12,0,506.35,632.5,550.4,495.44,-0.046086,0.0027458,1.5783,0.25495,6.1035e-05
131,2131,2,-0.97728,502.69,519.92,0,474.52,549.94,546.63,473.08,-0.020385,0.0025861,1.7217,0.052924,0.00012207
132,2132,1,-0.94266,503.19,543.21,0,483.14,596.35,532.5,465.53,-0.04854,0.0019,1.4284,0.13482,6.1035e-05
133,2133,2,-0.9838,443.36,448.86,0,421.91,488.99,467.66,403.39,-0.028437,0.0016792,1.4684,0.044581,9.1553e-05
134,2134,3,-1.0074,443.12,436.19,0,410.52,466.42,475.72,405.95,-0.025191,0.0016733,1.6207,0.068778,9.1553e-05
135,2135,3,-1.1167,493.89,498.75,0,451.69,538.56,533.54,461.35,-0.02639,0.0020908,1.7988,0.069962,9.1553e-05
136,2136,2,-1.0292,460.17,478.17,0,426.98,522.96,495.5,430.49,-0.039775,0.0022893,1.5004,0.070721,0.00012207
137,2137,1,-1.0193,640.39,692.69,0,613,771.77,673.45,597.25,-0.028738,0.0019741,1.6309,0.10856,0.00012207
138,2138,1,-1.0605,537.6,582.51,0,515.41,626.12,572.22,514.47,-0.039928,0.0019476,1.7012,0.050637,9.1553e-05
139,2139,1,-1.0643,501.72,530.36,0,483.28,580.98,527,460.99,-0.035987,0.001954,1.4965,0.093273,6.1035e-05
140,2140,2,-0.98584,460.37,476.04,0,426.05,518.04,501.8,425.35,-0.029089,0.0014761,1.3296,0.082668,9.1553e-05
141,2141,1,-1.0245,435.33,447.8,0,407.15,503.6,463.5,391.99,-0.021802,0.0026468,1.5152,0.093419,6.1035e-05
142,2142,3,-1.0131,476.89,468.17,0,461.2,518.58,490.72,423.7,-0.034287,0.0019249,1.6325,0.088487,9.1553e-05
143,2143,2,-1.0543,481.95,490.26,0,451.72,540.27,514.13,437.03,-0.029349,0.0012687,1.4372,0.063758,0.00012207
144,2144,3,-0.98647,525.93,520.21,0,501.68,561.48,550.17,478.94,-0.033333,0.001329,1.5714,0.073167,0.00012207
145,2145,3,-1.0997,564.37,557.04,0,545.13,608.64,586.18,498.57,-0.022571,0.0016272,1.8258,0.09042,0.00012207
146,2146,1,-1.076,518.79,538.89,0,487.74,608.75,544.52,481,-0.032648,0.0017385,1.4481,0.082867,0.00012207
147,2147,1,-1.0517,448.37,443.02,0,429.16,493.97,466.41,395.15,-0.034633,0.002913,1.3383,0.1747,6.1035e-05
148,2148,2,-0.99557,610.97,628.41,0,589.99,700.19,633.3,552,-0.018657,0.0018303,1.5763,0.067664,0.00012207
149,2149,3,-0.97756,481.43,448.47,0,450.85,493.31,508.42,408.91,-0.033542,0.0016193,1.4511,0.07806,6.1035e-05
150,2150,1,-0.98354,434.98,477.34,0,417.87,529.7,456.99,410.01,-0.052844,0.0017679,1.4977,0.31395,6.1035e-05
151,2151,1,-1.0678,532.82,530.29,0,498.37,600.12,554.9,485.53,-0.023653,0.0032505,1.2327,0.20167,6.1035e-05
152,2152,2,-1.0946,579.43,566.98,0,537.56,619.8,614.12,523.21,-0.030522,0.0018703,1.5767,0.057794,0.00012207
153,2153,2,-1.0723,628.99,635.71,0,587.51,713.45,657.37,582.52,-0.023622,0.0015881,1.5584,0.086789,0.00012207
154,2154,0,-3.989,471.31,461.75,3.2031,471.34,517.89,471.28,409.01,-0.014673,0.81827,1.3584,0.14486,nan
155,2155,2,-1.1302,473.97,479.85,0,446.06,522.16,501.89,437.55,-0.022735,0.0075897,1.3521,0.065999,6.1035e-05
156,2156,0,-1.907,454.82,447.35,1.0156,458.76,522.67,452.29,399.06,-0.018504,0.48721,0.94624,0.099056,6.1035e-05
157,2157,3,-1.0277,528.67,538.92,0,483.51,589.56,566.09,496.96,-0.031988,0.0035348,1.477,0.12086,6.1035e-05
158,2158,2,-1.0831,501.65,513.62,0,470.86,576.47,525.6,464.74,-0.031266,0.001775,1.546,0.06644,6.1035e-05
159,2159,1,-0.91836,529.78,545.19,0,511.04,605.18,551.02,477.19,-0.039527,0.0016855,1.2523,0.071225,6.1035e-05
160,2160,0,-3.6394,471.35,476.79,2.7812,474.79,533.3,468.31,426.93,-0.0073156,0.98468,0.90048,0.12594,nan
161,2161,2,-0.99072,437.98,425.7,0,427.87,484.04,445.85,380.33,-0.029728,0.022619,1.4409,0.054772,6.1035e-05
162,2162,2,-1.219,526.11,531.39,0,510.51,581.98,542.7,477.53,-0.032465,0.0053383,1.6113,0.071114,0.00012207
163,2163,1,-0.97162,476.06,476.13,0,455.73,516.2,499.1,430.73,-0.030544,0.0055746,1.2744,0.070535,6.1035e-05
164,2164,2,-1.0211,496.25,513.28,0,477.04,551.73,522.56,460.57,-0.027057,0.0024476,1.8185,0.054485,9.1553e-05
165,2165,1,-1.041,646.66,662.59,0,619.04,756.79,666.82,593.86,-0.022588,0.0018426,1.3172,0.03629,0.00012207
166,2166,2,-1.1555,533.21,542.91,0,507.67,584.92,566.05,488.9,-0.030833,0.0036748,1.7596,0.073218,0.00012207
167,2167,3,-1.0758,572.61,555.26,0,548.76,621.31,591.16,503.9,-0.030046,0.0021805,1.8132,0.071077,0.00012207
168,2168,2,-1.1084,433.01,462.25,0,416.89,500.49,453.73,413.08,-0.041701,0.0044181,1.4378,0.063717,6.1035e-05
169,2169,2,-1.0088,560.22,575.5,0,530.83,614.7,595.69,528.19,-0.035649,0.0023832,1.6584,0.070995,6.1035e-05
170,2170,3,-1.0845,544.34,536.43,0,498.79,572.95,582.08,506.18,-0.023369,0.002998,1.6508,0.077902,0.00012207
171,2171,3,-0.97911,554.61,531.74,0,523.61,588.61,575.82,492.84,-0.024633,0.0022054,1.4607,0.066362,0.00012207
172,2172,1,-1.0686,494.25,537.01,0,463.59,587.99,528.98,479.23,-0.043058,0.0037476,1.4038,0.058905,6.1035e-05
173,2173,3,-1.0097,569.08,560.21,0,535.39,622.71,602.77,497.7,-0.018786,0.0026887,1.5437,0.16128,0.00018311
174,2174,1,-0.86479,406.28,418.69,0,392.08,467.34,420.49,370.03,-0.045964,0.0029094,1.0858,0.10532,6.1035e-05
175,2175,3,-1.0249,422.05,405.73,0,406.81,438.82,440.45,365.79,-0.057867,0.0010673,1.5003,0.08973,9.1553e-05
176,2176,3,-1.0278,531.2,500.21,0,493.52,546.87,555.36,470.29,-0.019692,0.0012733,1.4598,0.081434,0.00015259
177,2177,0,-1.3133,438.56,455.12,0.26562,440.46,509.33,436.1,385.42,-0.029288,0.11662,1.2599,0.26839,6.1035e-05
178,2178,0,-2.7103,464.11,470.13,1.9219,461.27,546.03,465.6,430.38,0.02221,0.27883,1.0272,0.085727,nan
179,2179,2,-0.95853,503.08,509.41,0,490.67,557.3,518.07,451.61,-0.033149,0.0062955,1.7102,0.10165,9.1553e-05
180,2180,2,-1.0227,592.91,593.84,0,576.12,644.65,614.49,528.51,-0.02551,0.0024987,1.4975,0.090997,0.00012207
181,2181,0,-2.527,468.28,476.91,1.5781,464.86,513.21,473.97,416.42,-0.047039,0.6507,1.3797,0.11244,6.1035e-05
182,2182,1,-0.90991,600.59,597.41,0,573.85,656.64,622.75,548.34,-0.045585,0.005022,1.3792,0.089343,6.1035e-05
183,2183,2,-1.0445,467.12,475.19,0,448.78,551.2,479.67,423.18,-0.034643,0.004767,1.3864,0.12139,6.1035e-05
184,2184,1,-0.91585,431.47,450.46,0,418.4,484.11,450.58,401.29,-0.03603,0.0023245,1.4359,0.13089,6.1035e-05
185,2185,3,-1.0338,545.75,539.53,0,521.01,575.83,575.6,495.72,-0.032245,0.0031112,1.8067,0.06944,0.00012207
186,2186,1,-0.98663,534.38,562.11,0,510.82,608.25,566.66,498.88,-0.035016,0.0026327,1.6585,0.062724,6.1035e-05
187,2187,0,-1.0382,444.16,435.45,0.0625,432.34,474.78,454.59,400.76,-0.021479,0.34111,1.0828,0.09189,3.0518e-05
188,2188,0,-2.3897,470.74,470.85,1.5156,468.21,506.27,473.61,430.7,-0.045865,0.73518,0.90867,0.53243,3.0518e-05
189,2189,2,-0.97556,597.38,600.13,0,565.78,661.66,623.57,549.15,-0.030071,0.0038765,1.7291,0.20971,0.00018311
190,2190,0,-2.821,467.9,474.15,1.8906,468.72,536.44,467.17,419.19,-0.032966,0.31796,1.0553,0.054479,0
191,2191,0,-1.9169,469.64,483.39,0.96875,467.02,544.88,472.26,421.9,-0.028404,0.25375,1.2441,0.053786,6.1035e-05
192,2192,0,-2.8673,471.83,477.44,2,465.92,531.76,477.05,429.5,-0.021879,0.75599,1.0102,0.075276,nan
193,2193,3,-1.1007,577.64,548.42,0,564.19,610.11,591.09,486.74,-0.030905,0.0072608,1.5955,0.099614,0.00012207
194,2194,1,-1.0468,559.98,549.14,0,515.18,602.53,588.7,514.92,-0.035513,0.0036378,1.4061,0.051958,0.00012207
195,2195,1,-1.015,470.97,458.57,0,461,529.93,478.73,403.07,-0.037996,0.0031174,1.2019,0.080315,6.1035e-05
196,2196,2,-1.0011,528.83,529.18,0,500.99,571.23,558.47,484.42,-0.021885,0.0027603,1.4264,0.060521,6.1035e-05
197,2197,3,-1.0765,459.89,443.74,0,434.52,489.63,479.62,408.04,-0.025558,0.0025441,1.5817,0.070485,6.1035e-05
198,2198,2,-0.9928,542.9,525.12,0,528.38,578.18,559.36,464.98,-0.047032,0.0021926,1.4349,0.16884,0.00012207
199,2199,2,-0.93441,409.86,401.57,0,388.34,455.06,422.78,369.47,-0.045224,0.0013695,1.1102,0.14011,6.1035e-05
200,2200,0,-2.8766,469.89,465.42,1.9844,469.23,528.87,470.34,422.02,0.044926,0.51989,1.1958,0.1877,3.0518e-05
201,2201,3,-0.98572,378.1,373.14,0,366.47,392.76,401.91,332.95,-0.029721,0.0050948,1.7046,0.022176,9.1553e-05
202,2202,1,-1.0651,597.07,600.72,0,582.7,675.34,611.44,526.11,-0.035389,0.0033592,1.4091,0.07315,0.00012207
203,2203,0,-2.7198,471.29,480.1,1.875,466.86,528.9,474.96,439.66,-0.034139,0.18753,1.1443,0.18331,nan
204,2204,2,-1.0107,400.6,381.05,0,375.36,416.21,420.23,353.7,-0.04452,0.0020771,1.0769,0.12252,6.1035e-05
205,2205,3,-1.0226,557.86,534.22,0,535.06,578.37,589.1,473.72,-0.043189,0.0034608,1.5009,0.15886,0.00012207
206,2206,2,-1.0472,392.55,401.79,0,380.45,426.77,410.24,365.29,-0.018724,0.0036849,1.4371,0.098193,6.1035e-05
207,2207,2,-1.0714,607.23,603.84,0,579.2,677.13,627.69,550.36,-0.023446,0.0026019,1.5335,0.05426,6.1035e-05
208,2208,3,-1.0173,443.88,426.56,0,431.29,464.43,457.27,386.25,-0.036729,0.00152,1.2526,0.083315,9.1553e-05
209,2209,0,-2.9206,469.72,473.21,2.1094,466.52,529.92,472.72,419.93,-0.048912,0.16892,1.0004,0.093671,nan
210,2210,2,-1.0523,468.89,453.98,0,436.68,487.87,495.58,425.9,-0.040018,0.0032439,1.2473,0.14226,6.1035e-05
211,2211,1,-1.0098,462.69,476.7,0,437.24,536.3,488.15,417.1,-0.029262,0.0020016,1.1729,0.050339,9.1553e-05
212,2212,0,-3.1764,470.33,470.11,2.2812,471.88,517.2,468.58,416.74,-0.02838,0.3904,0.86229,0.059227,9.1553e-05
213,2213,1,-0.97145,425.64,427.19,0,406.98,475.45,442.11,384.6,-0.034259,0.0061822,0.91153,0.22123,9.1553e-05
214,2214,1,-1.0222,456.48,495.12,0,432.23,557.41,479.27,436.62,-0.033347,0.0029181,1.2844,0.069172,9.1553e-05
215,2215,2,-0.95065,523.88,538.94,0,490.54,621.69,545.25,485.89,-0.028655,0.0022973,1.2866,0.092452,0.00012207
216,2216,0,-2.4794,464.92,478.39,1.5625,466.85,550.74,463.11,410.42,-0.013197,0.33674,1.3002,0.041317,6.1035e-05
217,2217,0,-1.6851,451.11,499.32,0.8125,452.19,549.56,449.31,415.59,-0.036181,0.31427,1.3613,0.066944,6.1035e-05
218,2218,0,-1.798,467.27,519.42,0.92188,462.63,576.13,474.06,436.53,-0.042943,0.24106,1.1883,0.20194,3.0518e-05
219,2219,3,-1.1498,501.71,503.36,0,454.04,557.52,538.79,461.23,-0.016011,0.0090997,1.736,0.02644,9.1553e-05
220,2220,1,-1.1527,498.11,531.99,0,480.15,600.41,513,475.3,-0.043244,0.004872,1.4943,0.10298,6.1035e-05
221,2221,3,-1.0447,441.57,447.24,0,401.57,505.83,468.94,407.15,-0.029805,0.0028705,1.7852,0.031239,9.1553e-05
222,2222,2,-0.99522,590.37,628.7,0,555.12,705.55,625.62,551.85,-0.030391,0.0019063,1.797,0.10155,0.00012207
223,2223,1,-1.0931,671.35,725.5,0,632.05,828.19,708.26,629.04,-0.036159,0.0037908,1.7585,0.07975,0.00012207
224,2224,3,-1.1,444.45,474.27,0,405.13,511.22,491.9,429.68,-0.028374,0.0027281,1.7699,0.041038,0.00012207
225,2225,1,-1.1226,554.13,633.63,0,506.05,695.28,602.2,571.97,-0.037556,0.0022427,1.6524,0.036061,6.1035e-05
226,2226,2,-1.0866,519.21,544.88,0,478.62,585.32,559.8,504.44,-0.047301,0.0023776,1.6702,0.13028,6.1035e-05
227,2227,0,-3.663,472.9,496.15,2.8125,472.76,551.61,473.09,424.84,-0.028764,0.72351,1.2938,0.094521,nan
228,2228,1,-1.0393,436.04,469,0,423.12,520.11,450.68,411.08,-0.032463,0.010626,1.6098,0.052736,6.1035e-05
229,2229,1,-0.92756,522.13,568.28,0,514.02,652.71,530.24,483.86,-0.042841,0.0037681,1.404,0.21477,0.00012207
230,2230,3,-0.98073,393.45,405.92,0,374.47,454.68,411.28,360.12,-0.020188,0.0029763,1.4184,0.054624,9.1553e-05
231,2231,0,-3.1179,471.89,501.58,2.2344,471.47,579.52,472.22,440.96,-0.0424,0.4653,1.2737,0.18334,3.0518e-05
232,2232,1,-0.99322,410.58,413.2,0,388.61,472.38,426.61,370.02,-0.029489,0.0038302,1.1582,0.042699,6.1035e-05
233,2233,2,-1.0925,483.88,513.89,0,456.67,554.22,511.08,473.57,-0.018113,0.0024193,1.5983,0.063235,9.1553e-05
234,2234,0,-0.97911,406.13,432.26,0,392.28,467.45,426.36,380.84,-0.0058615,0.36025,1.0382,0.079893,6.1035e-05
235,2235,2,-1.0254,430,441.32,0,410.16,473.52,451.11,407.04,-0.025756,0.0053576,1.5568,0.17312,6.1035e-05
236,2236,2,-1.0287,570.45,609.38,0,534.94,635.01,610.68,580.32,-0.029066,0.0030545,1.5963,0.10526,0.00012207
237,2237,2,-1.0055,454.26,493.79,0,423.43,521.19,487.07,464.62,-0.033135,0.0019616,1.5696,0.048829,6.1035e-05
238,2238,0,-2.7323,472.01,524.42,1.8125,472.07,580.67,471.96,468.16,-0.017254,0.47297,1.2266,0.05634,6.1035e-05
239,2239,1,-0.94094,489.14,562.54,0,472.26,609.13,512.27,498.69,-0.033487,0.027176,1.6364,0.095128,6.1035e-05
240,2240,2,-1.2195,604.05,648.26,0,593.9,735.31,613.58,566.49,-0.025821,0.0041795,1.8618,0.075217,0.00012207
241,2241,2,-1.089,446.44,460.57,0,426.66,474.73,473.56,441.17,-0.038705,0.0026649,1.6143,0.078145,9.1553e-05
242,2242,1,-1.1241,524.18,548.43,0,493.35,568.76,566.42,520.59,-0.024183,0.0036119,1.5194,0.10989,6.1035e-05
243,2243,3,-1.2222,571.92,578.28,0,563.44,663.06,576.35,533.87,-0.025217,0.0031371,1.9059,0.026979,0.00012207
244,2244,2,-1.0898,385.83,434.23,0,379.79,455.46,398.19,390.76,-0.040512,0.0042806,1.4809,0.054607,6.1035e-05
245,2245,0,-1.1073,457.56,504.15,0.125,453.4,557.11,462.27,444.12,-0.029469,0.24916,1.1408,0.057278,6.1035e-05
246,2246,2,-1.0712,554.82,576.57,0,538.55,627.85,571.08,525.3,-0.029132,0.0049081,1.6592,0.06761,0.00012207
247,2247,1,-1.0464,592.4,604.91,0,561.49,658.42,618.02,560.58,-0.035971,0.0033938,1.7281,0.055448,0.00012207
248,2248,3,-1.0647,480.17,461.58,0,460.35,510.8,492.87,430.02,-0.032351,0.0018771,1.5042,0.10282,9.1553e-05
249,2249,0,-3.1475,470.71,524.89,2.3281,469.61,574.17,472.21,457.35,-0.015801,1.0813,1.58,0.07773,3.0518e-05
250,2250,0,-1.3221,461.72,514.48,0.34375,461.21,555.17,462.47,455.01,-0.0068175,0.50483,1.0971,0.069281,6.1035e-05
251,2251,1,-1.037,459.47,484.15,0,446.97,540.9,470.5,434.07,-0.041589,0.010627,1.4119,0.063918,6.1035e-05
252,2252,1,-0.94676,607.55,610.1,0,589.25,702.08,617.13,561.92,-0.031807,0.0025466,1.466,0.054242,0.00012207
253,2253,2,-1.0756,439.73,441.15,0,420.6,492.72,453.69,403.52,-0.035637,0.005284,1.34,0.070986,6.1035e-05
254,2254,3,-1.1467,430.01,427.36,0,428.35,464.2,431.89,385.61,-0.038257,0.0035166,1.4322,0.14104,9.1553e-05
255,2255,2,-1.003,477.23,490.11,0,461.45,543.31,494.03,433.48,-0.042297,0.002614,1.4772,0.14346,6.1035e-05
256,2256,2,-1.022,410.8,444,0,397.01,484.85,424.59,403.16,-0.036263,0.0020507,1.5349,0.064506,6.1035e-05
257,2257,2,-0.95075,452.51,515.03,0,445.97,558.33,465.91,426.37,-0.041225,0.0016511,1.5683,0.088252,6.1035e-05
258,2258,2,-0.97823,564.81,585.58,0,531.07,652.45,586.45,542.71,-0.039707,0.0017372,1.562,0.13858,0.00012207
259,2259,2,-1.0415,442.45,460.85,0,427.58,498.5,461.55,412.44,-0.021781,0.0020006,1.5697,0.054981,6.1035e-05
260,2260,3,-0.98545,578.44,583.05,0,546.49,632.34,622.23,515.5,-0.022773,0.0023548,1.6071,0.055676,0.00012207
261,2261,0,-0.93531,376.94,419.95,0,357.05,459.13,400.95,372.67,-0.028033,0.062323,1.0762,0.13238,3.0518e-05
262,2262,0,-1.6756,459.49,492.48,0.82812,449.78,546.27,469.2,438.69,-0.031453,0.36322,1.1311,0.15563,6.1035e-05
263,2263,3,-1.0879,504.95,490.28,0,484.08,517.99,528.61,458.88,-0.030438,0.0071531,1.7334,0.078609,9.1553e-05
264,2264,0,-0.98843,393.72,411.4,0,376.89,458.26,408.58,370.06,-0.025829,0.12003,1.0262,0.04999,6.1035e-05
265,2265,0,-1.1362,450.33,462.04,0.14062,444.14,511.6,455.46,420.98,-0.02779,0.053211,1.1322,0.17347,6.1035e-05
266,2266,0,-2.3128,463.2,483.52,1.4531,464,528.13,461.95,413.92,-0.028542,0.45534,1.4483,0.066628,3.0518e-05
267,2267,3,-1.0767,444.78,437.42,0,425.12,475.59,462.13,403.73,-0.022367,0.0090716,1.5659,0.052259,9.1553e-05
268,2268,2,-1.0109,438.7,441.28,0,425.7,484.93,453.44,391.82,-0.041571,0.0047201,1.3793,0.095806,9.1553e-05
269,2269,0,-1.8024,467.25,467.52,0.84375,462.68,506.5,473.14,417.39,-0.019754,0.30633,1.1826,0.15931,3.0518e-05
270,2270,2,-1.0325,391.97,415.02,0,379.77,440.1,412.31,373.2,-0.035091,0.005437,1.6633,0.032809,6.1035e-05
271,2271,3,-1.0032,452.51,458.41,0,427.02,490.6,478.01,426.22,-0.044285,0.0022853,1.7993,0.068988,9.1553e-05
272,2272,0,-2.8229,470.96,475.27,1.8438,472.09,538.75,470.18,431.84,-0.044272,0.75451,1.1587,0.20941,3.0518e-05
273,2273,0,-3.6905,471.27,472.19,2.9688,469.37,510.13,472.84,440.76,-0.0034388,0.78705,1.0849,0.12037,nan
274,2274,3,-1.1072,428.56,427.86,0,407.49,460.26,447.15,399.26,-0.018481,0.030252,1.4873,0.057895,6.1035e-05
275,2275,2,-1.0418,544.62,584.82,0,521.94,620.14,573.78,539.41,-0.029476,0.0069513,1.6767,0.04121,0.00012207
276,2276,3,-1.0547,435.26,452.36,0,426.87,494.21,444.76,404.93,-0.040603,0.0025355,1.5603,0.049985,9.1553e-05
277,2277,2,-1.0335,453.85,446.98,0,440.87,495.67,466.84,398.3,-0.03502,0.0026253,1.3618,0.062911,6.1035e-05
278,2278,1,-1.0645,554.06,586.87,0,522.07,616.56,595.18,548.71,-0.045458,0.0030275,1.4874,0.36935,0.00012207
279,2279,3,-1.0921,602.37,537.88,0,570.28,584.26,622.93,508.15,-0.017683,0.0024496,1.4613,0.083847,0.00012207
280,2280,1,-1.0714,456.18,473.22,0,436.1,499.86,483.71,436.72,-0.041191,0.0036028,1.4555,0.096345,6.1035e-05
281,2281,0,-3.9905,464.66,470.24,3.1719,467.45,530.44,462.35,420.36,-0.02494,1.1075,1.2077,0.18945,nan
282,2282,2,-1.0811,553,556.37,0,527.08,606.11,578.91,506.63,-0.0013076,0.0049203,1.6252,0.049195,6.1035e-05
283,2283,2,-1.1512,532.16,541.54,0,517.16,601.68,548.12,477.53,-0.035934,0.0022576,1.4302,0.10501,6.1035e-05
284,2284,2,-1.0675,583.14,630.99,0,580.48,747.22,585.63,521.81,-0.028462,0.0026805,1.515,0.089818,0.00012207
285,2285,0,-0.95853,442.37,474.63,0,429.94,522.15,456.47,420.78,0.023856,0.66485,1.2671,0.20558,3.0518e-05
286,2286,2,-0.9836,486.06,530.08,0,466,586.55,506.12,473.6,-0.027459,0.0039579,1.6092,0.18505,9.1553e-05
287,2287,2,-1.0209,469.5,490.34,0,443.94,531.74,500.36,440.38,-0.050878,0.0035185,1.6415,0.14227,6.1035e-05
288,2288,0,-3.0548,459.92,479.62,2.2812,453.85,531.59,467.24,416.89,-0.0045114,0.83221,1.3913,0.056176,nan
289,2289,1,-1.0719,496.09,526.38,0,483.24,571.84,512.61,467.93,-0.025273,0.011134,1.4919,0.080107,0.00012207
290,2290,0,-1.7745,460.45,482.14,0.85938,453.82,557.54,465.61,423.5,-0.018492,0.25648,1.3685,0.055709,6.1035e-05
291,2291,0,-0.99772,417.44,423.96,0,389.55,458.72,437.78,398.59,-0.019178,0.12743,1.1515,0.03581,6.1035e-05
292,2292,1,-0.97571,459.09,493.12,0,469.04,571.47,448.5,409.71,-0.034417,0.0058317,1.4687,0.041909,9.1553e-05
293,2293,3,-1.0876,576.15,582.86,0,542.35,663.14,604.15,516.34,-0.020143,0.004379,1.6609,0.13051,0.00018311
294,2294,2,-1.1117,572.97,620.1,0,554.47,707.43,590.35,538.06,-0.025142,0.0041759,1.6512,0.073828,0.00012207
295,2295,0,-2.8782,467.85,487.36,2.0312,464.63,541.21,471.73,422.37,-0.029512,0.86932,1.1215,0.10944,nan
296,2296,0,-4.5601,470.91,478.71,3.7969,474.18,564.26,468.53,416.29,-0.066813,1.0534,1.7679,0.10529,nan
297,2297,3,-1.0373,484.71,567,0,470.66,614.99,517.99,453.34,-0.016776,0.053197,1.8313,0.082623,0.00012207
298,2298,1,-1.0883,557.74,607.32,0,538.99,678.6,577.7,531.45,-0.021391,0.011558,1.5205,0.0427,0.00012207
299,2299,2,-1.0662,608.22,658.1,0,601.48,746.51,617.45,536.93,-0.025135,0.0044846,1.8172,0.059227,0.00012207
300,2300,0,-2.6254,473,535.22,1.7031,470.62,589.97,475.86,469.15,-0.056486,0.31039,1.3514,0.12362,3.0518e-05
301,2301,2,-1.1649,476.83,495.89,0,459.77,580.28,487.77,441.8,-0.039585,0.0079631,1.2676,0.11885,9.1553e-05
302,2302,0,-1.0132,423.42,464.25,0.015625,404.6,507.38,443.46,418.35,-0.0078576,0.43087,1.3267,0.053827,6.1035e-05
303,2303,0,-1.4388,465.86,520.68,0.46875,465.44,583.64,466.39,439.73,-0.043344,0.21451,1.6477,0.033401,6.1035e-05
304,2304,1,-0.96762,593.28,639.26,0,575.03,711.09,610.42,571.79,-0.038676,0.0029635,1.4563,0.09432,6.1035e-05
305,2305,2,-1.1085,616.07,697.17,0,603.97,795.11,632.65,562.95,-0.016904,0.0050626,1.6609,0.16421,0.00012207
306,2306,0,-2.8814,468.44,507.47,2.0312,470.62,582.37,466.64,445.42,-0.034876,0.73909,1.481,0.06896,3.0518e-05
307,2307,1,-1.0534,510.09,543.49,0,484.8,618.67,532.41,477.16,-0.026424,0.011923,1.2805,0.10039,0.00012207
308,2308,2,-0.9882,356.5,357.83,0,329.56,380.68,378.83,338.91,-0.039128,0.0058551,1.3489,0.11341,6.1035e-05
309,2309,3,-1.0118,430.92,430.13,0,417.9,471.07,446.63,380.71,-0.035498,0.0022248,1.5252,0.048752,6.1035e-05
310,2310,0,-1.6039,449.17,503.65,0.64062,438.92,551.52,459.41,455.78,-0.040887,0.16725,1.4784,0.17832,3.0518e-05
311,2311,0,-1.7833,469.41,512.66,0.8125,464.47,588.05,473.49,450.2,-0.014442,0.21024,1.2777,0.030444,6.1035e-05
312,2312,2,-1.0887,410.97,436.28,0,414.02,493.18,407.51,371.79,-0.038913,0.014047,1.6805,0.068786,6.1035e-05
313,2313,1,-1.0394,478.67,506.81,0,473.92,583.81,482.37,446.93,-0.046842,0.0046152,1.5622,0.07247,6.1035e-05
314,2314,1,-1.1304,524.53,575.42,0,524.63,693.08,524.46,500,-0.041281,0.0042605,1.5101,0.081414,9.1553e-05
315,2315,0,-2.4721,462.12,498.69,1.5625,460.71,556.51,463.62,437.15,-0.037904,0.42828,1.234,0.13107,6.1035e-05
316,2316,2,-0.98175,561.63,588.14,0,534.89,656.24,591.93,510.95,-0.023514,0.0049036,1.6897,0.068793,0.00012207
317,2317,0,-1.1081,438.3,470.98,0.10938,418.53,520.56,459.34,418.2,-0.029738,0.20334,1.3158,0.090339,6.1035e-05
318,2318,2,-1.0957,544.33,557.93,0,537.62,624.89,550.26,498.85,-0.042385,0.0064663,1.6576,0.057336,0.00012207
319,2319,0,-1.0583,430.89,490.7,0.015625,424.29,553.93,437.93,423.4,-0.029803,0.023954,1.1976,0.080942,6.1035e-05
320,2320,1,-1.0838,438.06,491.8,0,432.19,562.64,445.14,406.29,-0.059171,0.0096784,1.5783,0.15015,6.1035e-05
321,2321,2,-1.0211,530.89,542.82,0,502.65,588.26,554.29,505.18,-0.043548,0.0038912,1.6288,0.040638,0.00012207
322,2322,1,-1.0617,601.2,659.65,0,574.47,757.31,626.32,567.9,-0.041964,0.0040836,1.6565,0.087085,0.00012207
323,2323,3,-1.07,443.71,454.64,0,423.22,493.94,460.68,422.07,-0.032622,0.0034234,1.9564,0.05574,6.1035e-05
324,2324,2,-1.0949,514.56,539.03,0,488.74,584.86,540.39,493.2,-0.044053,0.0033082,1.811,0.047652,6.1035e-05
325,2325,2,-1.0653,469.85,490.61,0,435,520.41,504.7,460.81,-0.048048,0.0032326,1.5239,0.073615,6.1035e-05
326,2326,0,-1.0007,410.99,434.16,0,399.49,472.18,421.13,400.61,-0.032506,0.014477,1.3247,0.031608,3.0518e-05
327,2327,0,-2.7455,462.59,507.44,1.8125,458.35,555.32,466.11,467.76,-0.0055944,0.6979,1.4546,0.13524,3.0518e-05
328,2328,0,-2.1662,472.24,511.78,1.2344,473.67,553.12,470.16,451.36,-0.033924,0.31841,1.4202,0.061664,6.1035e-05
329,2329,3,-1.0234,461.63,430.66,0,446.67,461.71,477.55,397.6,-0.050745,0.014857,1.6701,0.20502,6.1035e-05
330,2330,0,-1.2758,453.81,492.65,0.26562,441.31,529.41,470.94,442.27,-0.026934,0.20058,1.6578,0.10122,6.1035e-05
331,2331,2,-1.0761,633.87,709.78,0,627.14,842.85,639.1,606.29,-0.036224,0.0040937,2.0771,0.097688,0.00012207
332,2332,3,-1.1684,511.2,524.22,0,507.74,609.98,514.66,438.46,-0.038186,0.0041162,2.0643,0.05018,0.00012207
333,2333,0,-3.6829,473.49,499.91,2.8906,474.71,555.74,472.35,447.46,-0.015924,1.4152,1.5825,0.079078,nan
334,2334,3,-1.0818,499,490.49,0,488.99,555.35,508.4,429.56,-0.020544,0.031759,1.6979,0.13987,9.1553e-05
335,2335,0,-2.5936,468.9,494.31,1.6562,466.89,547.99,471.04,437.16,-0.024259,0.24401,1.6762,0.087799,3.0518e-05
336,2336,1,-1.0264,605.85,714.06,0,602.05,811.79,611.76,561.61,-0.033924,0.0050694,1.9094,0.06073,0.00012207
337,2337,0,-4.6744,468.88,486.43,3.8594,465.76,546.72,471.82,429.78,0.053244,1.2386,1.7203,0.09376,nan
338,2338,3,-1.078,481.88,495.6,0,459.36,571.36,500.55,432.82,-0.015271,0.015611,1.9478,0.02305,9.1553e-05
339,2339,3,-1.0981,468.01,494.53,0,448.06,555.48,490.63,425.46,-0.043009,0.00471,1.8999,0.061999,6.1035e-05
340,2340,2,-1.1241,514.13,588,0,502.98,676.91,524.6,504.48,-0.038576,0.0042329,1.8383,0.084076,0.00012207
341,2341,0,-4.7422,467.64,484.59,3.9219,464.67,553.11,469.95,431.29,-0.099918,0.41322,1.8104,0.055239,nan
342,2342,3,-1.1805,614.27,672.82,0,571.62,748.26,656.92,597.38,-0.034717,0.0045116,2.1273,0.103,0.00018311
343,2343,0,-1.5185,457.02,490.68,0.54688,453.51,547.79,460.99,425.97,0.0075281,1.6352,1.6065,0.15981,6.1035e-05
344,2344,2,-1.0056,498.53,528.9,0,466.57,583.04,526.73,481.13,-0.050056,0.0067783,1.8772,0.074822,6.1035e-05
345,2345,2,-1.1393,582.41,598.53,0,539.14,660.92,623.07,539.92,-0.044049,0.0057127,1.9333,0.0836,0.00012207
346,2346,2,-1.1834,584.13,586.38,0,512.46,641.19,630.08,551.25,-0.033463,0.007312,1.9854,0.040952,0.00018311
347,2347,2,-1.0638,478.34,518.07,0,458.24,549.92,511.84,464.98,-0.041221,0.0033338,1.7459,0.053311,6.1035e-05
348,2348,1,-1.0776,450.22,457.3,0,428.81,495.9,473.02,416.2,-0.054378,0.0042289,1.4571,0.14253,6.1035e-05
349,2349,3,-1.1524,530.74,562.66,0,492.99,599.35,585.92,509.04,-0.03474,0.0028603,1.9024,0.048209,0.00012207
350,2350,3,-1.1131,571.88,561.54,0,544.67,650.82,589.32,504.31,-0.032344,0.002188,1.7982,0.061718,0.00012207
351,2351,1,-0.97453,561.02,588.35,0,523.1,650.48,601.38,522.2,-0.044725,0.003491,1.5841,0.1424,0.00012207
352,2352,3,-1.1409,479.8,502.83,0,434.32,535.79,538.28,460.47,-0.046785,0.0039132,1.9859,0.1287,0.00012207
353,2353,0,-3.7399,467.56,506.96,2.9219,468.7,564.7,465.99,427.84,-0.032793,1.0399,1.6945,0.096573,3.0518e-05
354,2354,2,-0.95659,436.76,486.61,0,424.85,536.2,453.07,418.65,-0.02583,0.021292,1.834,0.088917,6.1035e-05
355,2355,0,-3.4884,470.76,513.53,2.7188,471.81,580.65,469.49,432.52,-0.018159,0.34196,1.6301,0.14522,nan
356,2356,0,-3.9889,470.6,477.74,3.1719,468.46,529,472.74,426.47,-0.035805,0.26237,1.8348,0.044037,nan
357,2357,0,-3.3131,467.84,497.06,2.4531,462.48,570.55,472.01,439.91,-0.016392,0.36211,1.2936,0.079066,nan
358,2358,2,-1.001,393.37,467.41,0,381.72,517.07,412.81,384.64,-0.055876,0.0085419,1.9877,0.075937,6.1035e-05
359,2359,1,-1.15,574.66,664.79,0,561.13,740.37,587.37,593.79,-0.025576,0.0043869,2.0476,0.086996,0.00012207
360,2360,3,-1.0727,570,604.37,0,526.47,663.13,606.07,555.69,-0.037482,0.0019877,2.1896,0.10314,0.00012207
361,2361,1,-1.0485,430.09,464.35,0,439.07,549.75,423.54,402.04,-0.043824,0.0052728,1.8619,0.095639,6.1035e-05
362,2362,2,-1.0634,550.07,627.74,0,539.69,735.17,558.14,544.18,-0.040402,0.0030365,2.1611,0.064849,0.00012207
363,2363,0,-4.17,468.56,483.73,3.375,466.91,536.03,470.56,420.6,-0.044612,0.4038,1.4961,0.11514,nan
364,2364,0,-1.0798,445.72,454.23,0.09375,426.86,513.65,456.3,420.9,0.017367,0.96228,1.4304,0.049064,6.1035e-05
365,2365,3,-1.1775,584.31,622.6,0,545.31,689.5,620.94,559.75,-0.042393,0.0060992,2.2609,0.06912,0.00012207
366,2366,3,-1.0466,444.65,456.86,0,432.02,534.77,453.3,403.55,-0.04797,0.0025663,1.939,0.083945,9.1553e-05
367,2367,2,-0.98967,419.67,430.5,0,397.3,490.8,433.09,394.31,-0.05291,0.0027199,1.8386,0.060143,6.1035e-05
368,2368,1,-0.98983,490.92,529.46,0,475.86,574.52,509.09,475.08,-0.045838,0.0024066,1.7967,0.11337,6.1035e-05
369,2369,0,-4.9056,474.54,496.51,4.125,474.12,565.68,474.92,435.47,-0.0077125,2.7999,1.5131,0.074268,nan
370,2370,2,-1.0467,522.94,531.45,0,517.52,594.1,527.73,476.16,-0.042837,0.020784,1.8688,0.11103,0.00012207
371,2371,1,-1.1505,674.19,704.15,0,652.95,778.24,695.42,630.06,-0.040113,0.0041757,2.0218,0.070435,0.00012207
372,2372,0,-3.6805,459.45,484.21,2.9688,454.81,552.97,463.82,419.62,-0.10677,0.25231,1.6311,0.23202,nan
373,2373,2,-1.0324,619.18,687.85,0,615.75,767.74,625.28,545.45,-0.038321,0.0060839,2.338,0.056339,0.00012207
374,2374,0,-1.3013,448.43,475.9,0.46875,462.06,575.69,439.1,407.62,-0.023309,0.53289,1.5136,0.044681,6.1035e-05
375,2375,2,-1.0124,527.62,560.04,0,518.4,650.3,534.34,494.18,-0.050591,0.0040927,1.8636,0.083979,0.00012207
376,2376,0,-1.3138,454.66,489.09,0.34375,440.27,577.74,463.88,432.26,-0.039255,0.19384,1.1582,0.095835,6.1035e-05
377,2377,0,-2.0936,472.15,484.39,1.1562,470.14,563.11,473.28,440.22,-0.043203,0.24785,1.0619,0.050817,0
378,2378,0,-1.8739,450.88,481.53,0.98438,447.55,564.85,453.02,428.12,-0.031135,0.034865,1.3653,0.038024,0
379,2379,0,-1.4342,460.51,523.09,0.42188,455.85,587.19,466.49,440.67,-0.040862,0.2106,1.5891,0.046699,6.1035e-05
380,2380,2,-1.0982,605.73,653.87,0,585.32,706.24,642.1,560.51,-0.040378,0.0039761,2.2631,0.052904,0.00012207
381,2381,1,-0.9683,565.86,581.68,0,550.82,627.94,589.31,509.51,-0.056472,0.002136,1.7754,0.10313,6.1035e-05
382,2382,2,-1.0886,534.54,537.01,0,518.7,607.26,550.39,466.77,-0.041689,0.0027794,1.6112,0.090028,0.00012207
383,2383,2,-1.0262,559.85,589.51,0,548.19,651.6,576.88,498.76,-0.04439,0.0029096,1.8871,0.06851,0.00012207
384,2384,3,-1.0097,516.61,524.66,0,496.07,565.17,546.65,465.45,-0.04785,0.0020649,1.6956,0.041726,0.00012207
385,2385,0,-1.4465,468.79,486.44,0.4375,461.2,546.48,473.65,447.96,-0.036844,0.12325,1.2185,0.083983,6.1035e-05
386,2386,3,-1.0545,514.86,523.44,0,488.12,580.64,545.17,458.6,-0.041704,0.0019657,1.7403,0.075889,0.00012207
387,2387,3,-1.026,417.96,412.39,0,397.31,446.13,444.5,369.01,-0.044885,0.0027132,1.6782,0.041761,6.1035e-05
388,2388,1,-0.9762,678.07,669.02,0,654.7,760.97,694.06,606.1,-0.033414,0.001694,1.3635,0.090704,0.00018311
389,2389,2,-1.0092,510.42,526.74,0,495.01,609.15,526.83,439.02,-0.057586,0.0020879,1.5459,0.14006,6.1035e-05
390,2390,1,-1.0349,630.21,643.73,0,613.48,732.25,644.07,570.38,-0.045318,0.0022361,1.5522,0.12186,0.00012207
391,2391,0,-1.418,461.61,486.5,0.54688,457.8,561.75,465.93,401.22,-0.050871,0.10016,1.4304,0.1159,6.1035e-05
392,2392,2,-0.95229,532.02,571.43,0,509.46,660.82,554.57,482.04,-0.031029,0.0039796,1.5688,0.052866,0.00012207
393,2393,0,-3.458,469.44,508.11,2.7188,466.06,614.16,472.07,425.62,-0.012548,1.0046,1.3325,0.066777,nan
394,2394,0,-1.1113,446.75,494.36,0.14062,424.63,547.76,468.87,440.95,-0.0040725,0.56118,1.3928,0.080504,6.1035e-05
395,2395,2,-0.96542,547.89,559.35,0,520.2,625.41,577.36,489.02,-0.044815,0.0014346,1.6817,0.071117,0.00012207
396,2396,3,-1.0219,450.44,416.09,0,428.56,472.06,466.4,375.25,-0.057197,0.0014279,1.343,0.13244,9.1553e-05
397,2397,0,-2.6632,462.63,541.61,1.7656,456.85,590.84,472.26,459.56,-0.02455,0.48503,1.5229,0.082906,3.0518e-05
398,2398,3,-1.0535,532.37,555.5,0,500.71,631.12,560.3,488.78,-0.035754,0.0076099,1.6635,0.096604,0.00012207
399,2399,3,-1.067,469.64,462.29,0,457.76,519.7,483.11,397.22,-0.04024,0.0027403,1.4751,0.088729,9.1553e-05
400,2400,3,-1.0207,555.32,577.13,0,523.41,654.84,589.29,494.42,-0.025057,0.0018965,1.7458,0.082159,0.00012207
401,2401,0,-1.0351,426.85,472.23,0.03125,413.97,535.76,438.22,416.17,-0.017902,0.21551,1.2864,0.063593,3.0518e-05
402,2402,1,-1.0438,673.15,702.37,0,632.97,808.66,700.63,629.65,-0.03768,0.0074084,1.7507,0.06393,0.00012207
403,2403,1,-1.0832,606.27,685.15,0,581.62,738.05,647.36,596.97,-0.03731,0.0045547,1.9188,0.065743,0.00012207
404,2404,3,-1.0466,457.43,450.92,0,428.59,496.86,488.14,402.02,-0.046511,0.0020517,1.5792,0.079202,9.1553e-05
405,2405,0,-1.2072,447.04,498.47,0.20312,432.86,567.14,458.07,445.06,-0.036355,0.097862,1.3143,0.055681,3.0518e-05
406,2406,1,-1.0853,412.63,408.18,0,397.62,452.49,425.06,371.47,-0.038074,0.0066698,1.5121,0.085277,6.1035e-05
407,2407,2,-1.0812,460.2,486.67,0,441.55,538.28,482.7,424.38,-0.041117,0.0036269,1.5488,0.073311,6.1035e-05
408,2408,3,-1.114,574.91,596.82,0,525.49,644.19,627.51,546.39,-0.029656,0.0026949,1.9182,0.042025,0.00012207
409,2409,2,-1.0409,507.04,527.38,0,478.18,597.07,529.5,473.17,-0.041561,0.0022974,1.6255,0.088685,9.1553e-05
410,2410,1,-0.95713,441.1,491.26,0,422.28,553.12,462.42,421.16,-0.05138,0.0018355,1.5157,0.12505,6.1035e-05
411,2411,3,-1.1631,484.1,489.51,0,444.31,534.2,523.88,444.81,-0.034184,0.0025213,1.6157,0.036313,0.00012207
412,2412,2,-0.95625,566.52,590.72,0,535.06,658.21,600.02,518.86,-0.035044,0.0018456,1.5908,0.066215,0.00012207
413,2413,3,-1.1049,556.05,567.23,0,541.45,629.2,572.59,497,-0.039665,0.0018101,1.7301,0.090643,0.00012207
414,2414,2,-1.0057,613.92,659.61,0,590.55,731.58,645.94,560.98,-0.027081,0.002058,1.613,0.086539,0.00012207
415,2415,0,-2.9515,466.75,523.76,2.125,463.54,600.38,470.62,431.28,-0.023711,0.68923,1.2269,0.11079,nan
416,2416,1,-1.01,529.29,565.73,0,494.4,628.52,564.18,502.94,-0.043616,0.034863,1.4737,0.08992,9.1553e-05
417,2417,0,-2.3874,466.95,475.46,1.4531,465.88,560.71,467.59,424.31,-0.049094,0.19957,0.98823,0.059836,3.0518e-05
418,2418,3,-1.0115,475.02,465.76,0,439.41,498.82,515.38,428.29,-0.030185,0.0065122,1.436,0.069997,6.1035e-05
419,2419,1,-1.0944,615.6,660.92,0,560.99,760.34,658.07,583.59,-0.040647,0.0027829,1.36,0.082248,0.00012207
420,2420,0,-2.5206,465.78,513.65,1.6719,455.34,595.01,474.99,441.86,-0.045191,0.21331,1.3476,0.057098,nan
421,2421,2,-1.0059,459.95,459.49,0,442.25,553.07,472.86,391.2,-0.043173,0.0059539,1.2786,0.061091,9.1553e-05
422,2422,1,-1.0591,567.46,624.89,0,547.94,695.03,594.21,528.77,-0.024593,0.0022321,1.4289,0.090023,0.00012207
423,2423,0,-2.5714,465.64,504.55,1.7188,462.53,586.4,468.07,440.89,-0.037128,0.35295,1.1941,0.058162,3.0518e-05
424,2424,2,-1.1082,584.86,611.84,0,543.39,664.21,641.7,540.06,-0.045139,0.0038372,1.5739,0.068607,0.00012207
425,2425,2,-1.081,497.59,497.61,0,467.48,554.02,524.15,447.84,-0.042973,0.0030587,1.4817,0.037399,0.00012207
426,2426,2,-1.0184,591.25,620.73,0,556.31,713.98,624.08,533.13,-0.031034,0.0022357,1.4863,0.10469,0.00012207
427,2427,0,-1.3975,427.56,478.67,0.40625,409.5,538.34,448.02,411.04,-0.033114,0.26188,1.1729,0.10763,6.1035e-05
428,2428,1,-0.99725,485.81,518.65,0,459.08,589.82,510.92,451.79,-0.058167,0.0063611,1.3571,0.15703,6.1035e-05
429,2429,0,-1.4631,464.84,534.84,0.48438,455.15,625.58,474.53,444.1,-0.044779,0.36041,1.2311,0.097983,6.1035e-05
430,2430,1,-1.0435,576.65,608.67,0,578.51,722.31,574.9,501.92,-0.036492,0.0073948,1.738,0.086603,0.00012207
431,2431,0,-2.0537,456.38,468.32,1.1875,446.37,516.69,466.38,419.95,-0.019964,0.19536,1.0852,0.037306,nan
432,2432,0,-1.0257,437.47,453.11,0.046875,428.13,511.75,445.2,404.52,-0.029001,0.19062,1.2179,0.015755,6.1035e-05
433,2433,0,-2.4127,471.25,507.73,1.4688,469.46,583.15,472.93,436.88,-0.02796,0.72641,1.1015,0.041642,6.1035e-05
434,2434,3,-0.9927,470.89,471.23,0,456.47,525.3,486.25,413.67,-0.029212,0.012907,1.6721,0.075026,0.00012207
435,2435,2,-1.1451,472.29,503.95,0,460.89,562.93,484.43,441.16,-0.050093,0.0056295,1.4934,0.10454,0.00012207
436,2436,3,-1.0397,557.58,567.59,0,536.69,624.48,578.47,510.69,-0.026691,0.0023935,1.9944,0.039398,0.00012207
437,2437,0,-1.2646,452.24,502.24,0.21875,441.51,544,466.95,445.02,-0.042277,0.14999,1.6932,0.066044,6.1035e-05
438,2438,1,-1.1173,622.56,738.46,0,624.1,818.53,619.41,574.5,-0.049342,0.0063408,2.0679,0.074946,0.00012207
439,2439,1,-1.0702,460.59,486.5,0,472.74,588.15,449.87,396.8,-0.06783,0.0031563,1.5835,0.075507,6.1035e-05
440,2440,0,-1.0232,442.01,485.16,0,428.25,531.9,460.87,421.12,-0.017391,0.053339,1.3412,0.0546,6.1035e-05
441,2441,0,-1.01,423.61,450.54,0.015625,411.74,484.96,437.94,409.01,-0.027887,0.017717,1.2886,0.0087145,6.1035e-05
442,2442,3,-1.0078,528.44,552.35,0,499.42,614.39,557.45,490.31,-0.019318,0.0034848,1.7688,0.039046,0.00012207
443,2443,0,-2.2987,464.76,472.74,1.3594,460.07,548.68,467.76,424.07,-0.052158,0.55846,1.3564,0.064573,6.1035e-05
444,2444,1,-1.0208,459.57,464.19,0,439.14,546.89,472.67,411.18,-0.043016,0.018446,1.3131,0.093388,6.1035e-05
445,2445,3,-1.0575,439,445.54,0,431.9,485.82,448.74,390.33,-0.035427,0.0028647,1.4856,0.057143,9.1553e-05
446,2446,0,-3.6375,472.42,495.65,2.7969,474.26,580.88,471,429.36,-0.015982,1.1885,1.1591,0.035386,nan
447,2447,3,-0.96628,473.2,480.59,0,464.64,520.4,485.71,422.41,-0.024417,0.018277,1.6125,0.09719,9.1553e-05
448,2448,0,-2.6962,442.01,460.3,1.8594,433.8,517.01,449.25,410.26,-0.079479,0.073393,1.2177,0.079555,nan
449,2449,2,-1.0249,616.08,603.52,0,580.9,662.25,649.13,548.35,-0.054314,0.0057786,1.7164,0.20211,0.00012207
450,2450,2,-1.0192,461.07,489.72,0,442.37,524.99,486.7,441.39,-0.052236,0.0028845,1.5546,0.073233,6.1035e-05
451,2451,1,-0.98696,560.03,610.6,0,536.25,657.95,590.6,549.72,-0.041873,0.0024789,1.6306,0.062428,0.00018311
452,2452,2,-1.004,420.37,461.47,0,409.19,477.72,441.71,430.43,-0.043908,0.0041033,1.549,0.12268,9.1553e-05
453,2453,3,-1.0593,495.73,512.98,0,485.13,540.91,508.51,479.26,-0.033746,0.0023515,1.6658,0.062247,0.00012207
454,2454,2,-1.0751,523.42,560.99,0,503.21,604.78,551.12,500.98,-0.045633,0.0026606,1.5488,0.12657,0.00012207
455,2455,0,-1.1461,463.23,470.88,0.1875,455.08,513.44,471.37,428.32,-0.027449,0.4414,1.0502,0.069242,6.1035e-05
456,2456,1,-1.0019,461.94,506.17,0,445.44,542.29,483.14,459.74,-0.04098,0.006898,1.7003,0.04334,6.1035e-05
457,2457,1,-0.93285,515.76,566.55,0,499.01,603.43,537.31,519.13,-0.042725,0.0019428,1.5907,0.098281,0.00012207
458,2458,0,-1.4981,461.42,504.83,0.54688,450.92,550.7,476.78,437.8,-0.049583,0.1396,1.131,0.059602,6.1035e-05
459,2459,3,-1.068,463.01,443.07,0,449.71,481.31,472.72,415.17,-0.043147,0.0035741,1.5117,0.080081,0.00012207
460,2460,1,-1.0788,487.73,556.42,0,461.25,586.8,514.21,526.05,-0.044673,0.0040346,1.5393,0.10738,6.1035e-05
461,2461,1,-1.1169,454.96,454.04,0,440.01,487.32,467.36,426.47,-0.048994,0.0024512,1.4844,0.15459,6.1035e-05
462,2462,3,-1.1405,509.85,522.01,0,497.22,550.41,523.29,491.78,-0.032091,0.0029559,1.7541,0.051048,9.1553e-05
463,2463,0,-1.049,426.37,449.25,0.14062,412.03,490.07,440.71,408.43,-0.030804,0.10872,1.042,0.072622,6.1035e-05
464,2464,0,-1.9267,466.67,475.61,1.0312,458.38,542.34,470.43,445.28,-0.038732,0.24356,1.2036,0.063737,6.1035e-05
465,2465,2,-0.97835,457.33,492.48,0,439.37,524.06,473.18,464.62,-0.058708,0.0057734,1.5214,0.12344,9.1553e-05
466,2466,2,-1.0851,464.61,520.93,0,446.95,557.62,481.21,486.45,-0.033656,0.0028431,1.6912,0.12342,6.1035e-05
467,2467,3,-1.0777,473.5,496.52,0,455.36,535.51,488.54,464.22,-0.037261,0.0024412,1.6435,0.077205,0.00012207
468,2468,2,-0.98773,606.51,655.56,0,592.48,710.72,621.44,596.83,-0.040958,0.0016736,1.8058,0.084711,0.00012207
469,2469,0,-1.1948,453.91,488.66,0.1875,442.04,539.19,466.56,434.87,-0.033261,0.1219,1.578,0.12559,6.1035e-05
470,2470,1,-1.0552,546.05,592.28,0,535.48,644.53,561.51,515.92,-0.042718,0.0072269,1.5623,0.056621,6.1035e-05
471,2471,2,-1.0623,503.56,492.93,0,489.05,523.78,519.99,457.97,-0.047358,0.0036578,1.5146,0.06544,0.00012207
472,2472,1,-1.018,507.91,552.2,0,501.98,605.65,515.06,487.68,-0.049795,0.0020649,1.6557,0.096277,0.00012207
473,2473,3,-1.0932,522.24,530.43,0,507.33,579.02,532.43,497.18,-0.039788,0.0021585,1.7447,0.045105,0.00012207
474,2474,3,-0.97839,521.57,524.75,0,509.71,553.1,536.81,488.29,-0.035885,0.0013959,1.8926,0.11525,0.00012207
475,2475,2,-0.99617,440.37,451.49,0,427.55,485.28,454.89,413.19,-0.047636,0.0012156,1.4069,0.071932,9.1553e-05
476,2476,2,-0.9846,532.45,560.65,0,519.79,620.81,545.92,496.6,-0.047307,0.0013304,1.7551,0.1634,0.00012207
477,2477,3,-0.96735,393.31,402.52,0,381.76,438.08,405.6,364.67,-0.049153,0.0012658,1.3623,0.083837,6.1035e-05
478,2478,1,-0.95979,508.62,556.62,0,497.32,597.01,526.25,493.62,-0.027239,0.0023043,1.4353,0.068552,6.1035e-05
479,2479,2,-1.0443,479.55,460.63,0,459.07,491.41,493.57,439.57,-0.035231,0.0017444,1.3037,0.097585,6.1035e-05
480,2480,2,-0.99658,476.16,505.23,0,455.96,536.57,509.83,452.98,-0.033735,0.0023335,1.3359,0.065142,0.00012207
481,2481,0,-1.9928,473.16,497.28,1.0469,471.74,553.17,474.67,437.79,-0.044032,0.26569,1.0971,0.15572,3.0518e-05
482,2482,2,-1.0156,475.59,463.97,0,454.12,492.47,497.06,435.47,-0.026491,0.0071443,1.381,0.059109,6.1035e-05
483,2483,3,-1.038,477.16,474.23,0,457.76,489.69,494.29,460.59,-0.041293,0.0024749,1.5045,0.043625,9.1553e-05
484,2484,3,-1.079,466.34,469.71,0,460.53,509.44,472.15,429.97,-0.03301,0.002358,1.5642,0.11594,9.1553e-05
485,2485,3,-1.053,420.89,417.75,0,409.11,445.17,437.04,380.18,-0.041399,0.0014093,1.4412,0.057444,6.1035e-05
486,2486,2,-1.0245,557.68,571.48,0,531.6,604.9,587.24,533.59,-0.037998,0.0014543,1.4648,0.10186,6.1035e-05
487,2487,0,-2.9639,473.18,518.49,2.1406,470.53,571.3,475.68,468.89,-0.037717,1.4558,1.3123,0.093455,3.0518e-05
488,2488,1,-1.0793,629.58,624.98,0,596.59,666.85,652.14,596.34,-0.015759,0.010428,1.5635,0.089023,0.00012207
489,2489,2,-0.92567,485.02,484.94,0,440.9,492.02,535.01,476.91,-0.045863,0.0064934,1.4833,0.066779,6.1035e-05
490,2490,2,-0.96775,487.19,525.56,0,469.84,556.15,514.25,477.84,-0.034687,0.0017972,1.4334,0.078375,6.1035e-05
491,2491,3,-0.99691,444.02,446.72,0,425.91,462.81,459.03,433.39,-0.035336,0.0015597,1.5886,0.046728,9.1553e-05
492,2492,0,-0.9676,365.66,384.31,0,353.36,407.45,379.61,358.09,-0.024833,0.38046,1.1542,0.13484,6.1035e-05
493,2493,3,-1.0687,539.29,532.85,0,531.87,587.68,542.92,506.07,-0.031344,0.0063318,1.6931,0.095752,0.00012207
494,2494,3,-1.0417,540.81,567.71,0,518.53,594.86,564.54,538.81,-0.041442,0.0018077,1.7241,0.098953,0.00012207
495,2495,2,-0.971,539.98,570.94,0,512.59,623.8,559.96,532.37,-0.041814,0.0019528,1.5543,0.085275,6.1035e-05
496,2496,1,-0.99083,466.49,492.41,0,441.1,544.52,488.9,446.43,-0.049006,0.0021819,1.4634,0.14134,6.1035e-05
497,2497,3,-1.0392,573.09,575.2,0,542.27,614.24,600.29,540.75,-0.035093,0.002256,1.6367,0.058009,0.00018311
498,2498,3,-1.0018,502.1,509.87,0,481.22,537.76,524.32,480.18,-0.024671,0.0012563,1.6041,0.12066,0.00012207
499,2499,2,-0.97197,456.65,505.33,0,434.23,553.76,480.51,453.77,-0.041776,0.0014758,1.5186,0.066019,6.1035e-05
