iter,seed,n_robots,reward_mean,makespan_s_mean,max_soc_mean,cap_var_mean,unserved_mean,pg_loss,v_loss,entropy
0,1,7,-1.1084,466.14,61.169,0.038332,0.40625,0.12835,6.1534,53.972
1,2,9,-0.21515,697.39,39.346,0.10524,0,0.0086311,0.26681,82.123
2,3,9,-0.27796,696.44,51.629,0.15643,0,0.16853,0.30144,57.654
3,4,9,-0.17324,568.98,35.431,0.018916,0,-0.0092433,0.21632,113.96
4,5,8,-0.40809,528.56,47.402,0.01394,0.09375,-0.0023307,1.1098,97.089
5,6,7,-0.20752,506.88,57.656,0.019968,0,-1.3942e-05,0.012311,63.685
0,1,7,-1.1124,492.65,69.192,0.03541,0.375,0.12353,5.5115,48.821
1,2,9,-0.22329,689.48,54.144,0.030846,0,0.16558,0.20184,85.074
2,3,9,-1.0721,563.26,63.875,0.010101,0.375,0.037421,3.9188,28.734
3,4,9,-0.23233,546.37,37.641,0.012509,0,0.050829,0.38395,93.899
4,5,8,-0.27125,529.81,45.002,0.010742,0,-0.04634,0.30905,80.093
5,6,7,-0.20365,484.29,59.925,0.013337,0,-0.037155,0.27288,55.125
6,7,10,-1.6637,543.24,62.441,0.0052499,0.75,0.016227,8.0024,83.499
7,8,9,-0.14987,581.42,37.341,0.0076097,0,-0.035804,0.14639,75.174
8,9,6,-0.19657,490.7,55.309,0.010272,0,0.00062235,0.064404,23.736
9,10,9,-0.26107,518.95,63.97,0.018286,0,-0.017081,0.022559,106.88
10,11,4,-0.19661,501.86,34.282,0.0058794,0,-0.036779,0.0070558,17.007
11,12,8,-0.226,597.32,63.816,0.015294,0,0.00048327,0.019832,55.14
12,13,10,-0.225,545.2,60.014,0.01912,0,-0.041614,0.02797,95.102
13,14,5,-0.23584,546.78,58.654,0.017825,0,-0.014038,0.028885,26.985
14,15,10,-0.17399,522.07,52.13,0.01186,0,0.014039,0.007132,103.99
15,16,7,-0.13755,467.5,30.382,0.01337,0,-0.0075658,0.025062,57.795
16,17,9,-0.28099,579.47,59.374,0.010973,0,0.066074,0.022368,49.196
17,18,10,-1.3866,539.48,65.141,0.029589,0.5,-0.022347,7.6647,97.649
18,19,8,-0.10878,536.29,36.469,0.019508,0,0.056207,0.13004,81.728
19,20,10,-0.25922,512.29,66.881,0.039289,0,-0.066907,0.11138,89.304
20,21,6,-0.29338,565.99,57.765,0.017277,0,-0.017776,0.051842,46.239
21,22,9,-0.21333,482.02,54.356,0.010624,0,-0.017803,0.052399,92.398
22,23,4,-0.12919,491.27,31.733,0.0040112,0,-0.003296,0.01113,21.555
23,24,6,-0.21445,490.92,45.935,0.011771,0,-0.0092641,0.099944,56.233
24,25,7,-0.22399,583.77,62.385,0.018192,0,-0.02632,0.11705,59.56
25,26,10,-0.14491,530.45,35.707,0.021593,0,0.01336,0.013119,131.75
26,27,4,-2.6833,596.8,70.541,0.025143,1.25,-0.025207,25.868,16.094
27,28,8,-0.21601,544.15,53.79,0.024117,0,0.018405,0.039925,99.237
28,29,10,-0.22923,580.53,55.595,0.025775,0,-0.0029074,0.12911,126.35
29,30,4,-2.5253,527.66,69.313,0.016086,1.125,-0.0389,18.331,18.129
30,31,7,-0.13857,533.39,31.659,0.011651,0,-0.015326,0.53661,66.349
31,32,10,-0.16401,552.8,46.21,0.010452,0,-0.042442,0.60569,113.41
32,33,10,-0.31232,570.9,69.223,0.0080882,0,-0.019713,0.35528,67.737
33,34,4,-0.1199,518.53,26.562,0.0096489,0,-0.010817,0.31651,28.435
34,35,4,-0.15914,484.09,32.375,0.017391,0,0.0006229,0.070422,32.797
35,36,6,-0.18016,430.75,31.362,0.015339,0,-0.0014437,0.01927,45.811
36,37,5,-1.9243,435.87,71.481,0.0049857,0.875,-2.5332e-06,13.843,28.755
37,38,5,-0.27236,432.04,62.067,0.0076782,0,-8.5086e-06,0.12752,24.936
38,39,10,-0.23086,568.84,54.827,0.010277,0,-1.6928e-05,0.049159,102.96
39,40,7,-0.22121,470.85,59.055,0.010347,0,3.0063e-06,0.014722,43.458
40,41,8,-0.17447,552.59,32.692,0.00808,0,-2.5995e-05,0.037438,95.917
41,42,4,-0.1251,484.68,26.651,0.0080721,0,2.8238e-06,0.043026,31.027
42,43,7,-0.22131,500.41,59.548,0.0081431,0,1.3724e-05,0.0052827,48.89
43,44,8,-0.21946,520.96,52.878,0.019262,0,7.4506e-08,0.021223,98.906
44,45,10,-0.17457,544.25,31.764,0.021134,0,-2.1365e-06,0.0066531,158.82
45,46,7,-0.18009,521.15,42.824,0.014188,0,4.3213e-07,0.0043742,71.676
46,47,4,-0.16845,559.68,49.613,0.01275,0,1.0692e-06,0.015372,31.313
47,48,4,-0.30327,530.66,60.255,0.0033245,0,8.5682e-07,0.023305,13.464
48,49,4,-1.8001,484.13,63.993,0.021334,0.75,1.3262e-06,9.2148,25.184
49,50,9,-0.24915,614.85,61.536,0.0070457,0,7.0035e-07,0.018438,75.191
50,51,6,-0.22366,559.24,55.726,0.0074043,0,-1.0207e-06,0.036581,45.967
51,52,10,-0.27995,574.46,57.447,0.0077336,0,-8.7917e-07,0.0099709,99.768
52,53,9,-0.20159,532.81,56.654,0.020176,0,2.2352e-07,0.010635,108.95
53,54,6,-0.26519,517.63,54.124,0.0064422,0,5.5134e-07,0.019962,49.369
54,55,10,-1.0147,494.89,61.496,0.0099443,0.375,3.1069e-06,4.7745,96.456
55,56,6,-0.2527,468.59,60.89,0.018298,0,-9.2387e-07,0.022585,45.367
56,57,4,-2.2707,469.03,66.749,0.020807,1,-5.9605e-07,15.831,24.089
57,58,7,-0.16175,535.5,34.985,0.013724,0,-4.366e-06,0.099898,81.068
58,59,9,-0.18574,589.77,58.989,0.010657,0,3.3528e-07,0.070362,76.225
59,60,5,-0.26019,516.24,56.557,0.015004,0,-1.2368e-06,0.027299,33.258
60,61,6,-0.15864,543.81,32.074,0.010211,0,-6.3442e-06,0.0075943,55.91
61,62,7,-1.2461,600.65,52.942,0.012505,0.5,-4.3958e-07,8.4243,49.92
62,63,7,-0.20155,524.21,51.912,0.025217,0,8.9407e-08,0.043477,64.821
63,64,7,-0.29846,496.71,61.963,0.011613,0,-7.4506e-09,0.037491,54.716
64,65,5,-1.0798,551.95,63.194,0.004237,0.375,-5.2154e-07,4.6214,25.927
65,66,10,-0.17632,518.56,69.474,0.0096154,0,-3.7998e-07,0.022494,85.449
66,67,9,-0.19456,554.76,59.826,0.015759,0,-1.0431e-07,0.037696,107.69
67,68,7,-0.19163,473.77,62.037,0.011433,0,3.7998e-06,0.030306,48.796
68,69,4,-0.18289,526.07,48.315,0.0038088,0,1.7062e-06,0.0063546,17.118
69,70,8,-0.26942,501.95,62.465,0.004133,0,2.1607e-07,0.012388,42.373
70,71,10,-0.29762,559.3,58.761,0.020866,0,-2.6375e-06,0.02202,113.51
71,72,10,-0.16378,547.61,33.554,0.013636,0,-3.6433e-06,0.0016397,145.36
72,73,9,-4.3033,564.35,77.862,0.021966,2,1.2964e-06,32.667,75.716
73,74,5,-0.16754,536.66,31.603,0.016974,0,-9.3132e-07,0.024062,56.656
74,75,8,-0.19778,593.7,57.138,0.0085796,0,-4.5747e-06,0.0081823,84.157
75,76,7,-0.25511,393.68,56.36,0.0085217,0,1.0729e-06,0.0046121,45.727
76,77,4,-0.20691,472.92,38.883,0.0027113,0,-3.0622e-06,0.0047561,28.13
77,78,9,-0.17494,530.85,34.286,0.0083291,0,-1.2368e-06,0.0057822,107.88
78,79,4,-0.25451,446.16,64.173,0.012681,0,-4.9174e-07,0.030093,22.361
79,80,10,-0.31506,547.49,66.349,0.0088033,0,3.1106e-06,0.022644,88.405
80,81,4,-0.18104,546.41,42.605,0.0064825,0,-9.9465e-07,0.0024821,21.272
81,82,9,-1.0941,527.43,69.31,0.013759,0.375,2.332e-06,4.5563,71.486
82,83,9,-0.13015,513.88,35.411,0.014465,0,2.1234e-06,0.057493,112.46
83,84,8,-0.18505,504.99,30.762,0.015715,0,9.6858e-07,0.10989,98.634
84,85,8,-0.22601,503.18,62.757,0.021371,0,5.1968e-07,0.02978,55.792
85,86,10,-0.18334,592.13,37.493,0.0060781,0,-6.2585e-07,0.014932,109.99
86,87,8,-0.32516,531.37,60.282,0.0142,0,-6.2957e-07,0.011284,75.35
87,88,7,-0.33158,530.23,60.051,0.01909,0,5.6624e-07,0.03324,68.614
88,89,10,-0.91203,542.44,57.527,0.018939,0.375,1.0431e-07,4.7391,114.62
89,90,8,-0.25969,553.06,61.475,0.015246,0,3.2037e-07,0.0029287,68.124
90,91,9,-0.25243,542.02,64.815,0.02733,0,-4.2692e-06,0.0029233,107.21
91,92,7,-0.28333,508.99,62.554,0.0073563,0,-7.8809e-06,0.011192,62.58
92,93,10,-0.16377,576.69,61.469,0.01992,0,-5.655e-06,0.0059161,107.32
93,94,4,-0.20528,493.25,46.244,0.0094756,0,-3.7141e-06,0.0028205,28.949
94,95,7,-0.21164,561.55,40.674,0.0051419,0,6.5938e-06,0.0039111,62.203
95,96,9,-0.976,568.29,55.394,0.0107,0.375,-5.6028e-06,4.735,86.605
96,97,4,-0.2294,487.2,56.729,0.0063409,0,-1.2591e-06,0.0052701,23.069
97,98,6,-0.24537,452.18,53.658,0.020054,0,-5.1055e-06,0.0038723,43.735
98,99,10,-0.41776,567.78,63.997,0.007474,0,-8.7172e-06,0.0024387,84.965
99,100,9,-0.10435,523.17,29.793,0.024176,0,1.321e-05,0.016998,117.4
100,101,6,-0.19941,598.21,45.064,0.019607,0,-4.4145e-06,0.016695,62.506
101,102,7,-0.22249,551.81,62.022,0.018606,0,-3.4496e-06,0.0021015,59.344
102,103,7,-0.17194,480.1,36.27,0.011096,0,-9.0301e-06,0.0020863,63.434
103,104,8,-0.23482,525.44,61.823,0.018545,0,7.3686e-06,0.014758,94.597
104,105,5,-0.44384,428.45,39.599,0.008328,0.125,-3.7551e-06,0.50527,31.778
105,106,7,-0.93124,465.95,66.413,0.0091555,0.375,2.5034e-06,4.5161,47.545
106,107,4,-0.11951,534.03,54.518,0.0074019,0,1.4156e-07,0.025141,7.9664
107,108,4,-0.17173,416.68,40.155,0.004555,0,-7.1526e-07,0.048806,20.1
108,109,7,-0.17108,511.88,50.923,0.017268,0,9.9093e-07,0.028284,85.988
109,110,8,-2.5503,498.63,67.071,0.017857,1.125,4.4703e-07,20.755,65.466
110,111,7,-0.15852,572.55,59.328,0.014551,0,-4.4331e-06,0.0065628,47.239
111,112,5,-0.2021,527.62,57.058,0.012726,0,-3.7476e-06,0.001346,44.237
112,113,6,-0.29709,472.37,63.38,0.016943,0,-7.7486e-07,0.0059145,39.982
113,114,5,-0.1744,449.08,58.155,0.0078742,0,-1.8552e-06,0.0026976,20.352
114,115,8,-1.2119,532.39,72.638,0.011208,0.5,8.0243e-06,7.8892,56.309
115,116,5,-0.1622,561.7,38.63,0.00583,0,-7.7672e-06,0.008243,30.719
116,117,4,-0.18879,546.16,50.331,0.015625,0,-1.6317e-06,0.0048538,22.925
117,118,6,-0.2569,533.6,46.75,0.0054065,0,-2.9281e-06,0.0017333,45.233
118,119,6,-0.13367,534.76,51.332,0.0086721,0,1.356e-06,0.0011435,58.007
119,120,6,-0.22037,488.48,48.972,0.014635,0,-3.5688e-06,0.0011208,49.023
120,121,5,-0.19112,512.25,45.956,0.0072527,0,-1.3709e-06,0.0017018,36.752
121,122,10,-0.23235,494.09,56.195,0.021465,0,-2.5555e-06,0.003825,125.64
122,123,4,-0.16249,491.03,26.983,0.0086172,0,-1.0431e-06,0.0091215,26.969
123,124,10,-0.24377,517.95,53.347,0.027473,0,-6.7987e-06,0.003635,121.17
124,125,7,-0.21993,529.8,37.919,0.014012,0,-5.2359e-06,0.0020769,67.517
125,126,6,-0.19899,432.41,60.348,0.016503,0,-1.9521e-06,0.0045302,36.301
126,127,7,-0.18864,554.6,44.488,0.0082407,0,-1.4901e-07,0.00096801,63.261
127,128,8,-1.2238,522.26,57.349,0.021986,0.5,-7.2271e-06,7.9921,80.889
128,129,7,-0.27246,579.17,59.678,0.017706,0,5.4166e-06,0.002013,73.737
129,130,9,-0.25105,502.7,55.734,0.011375,0,-1.736e-06,0.0084912,91.559
130,131,7,-0.22756,528.47,54.557,0.0088429,0,1.7136e-07,0.0073283,68.075
131,132,9,-0.2267,514.14,54.357,0.018122,0,2.1346e-06,0.00099021,117.52
132,133,7,-0.15527,465.17,34.338,0.0098066,0,3.7253e-08,0.0017518,71.474
133,134,9,-1.4485,385.3,69.441,0.010905,0.625,7.9721e-07,8.9224,43.086
134,135,7,-0.17377,558.07,63.364,0.017469,0,4.5821e-07,0.0042389,68.252
135,136,10,-1.0033,459.19,71.211,0.0056441,0.375,-5.2154e-08,4.6215,90.41
136,137,7,-0.25164,555.2,51.141,0.0098651,0,-1.8477e-06,0.005367,68.661
137,138,8,-0.28439,545.38,61.193,0.0059587,0,3.2037e-07,0.010045,70.157
138,139,7,-0.38231,513.36,68.425,0.013571,0,3.6508e-07,0.003473,51.073
139,140,8,-0.237,550.92,60.614,0.0090978,0,-1.3113e-06,0.0067188,54.572
140,141,6,-1.1918,476.66,63.485,0.0086952,0.5,5.2899e-07,8.0219,42.716
141,142,4,-0.16907,458.07,38.436,0.017895,0,-4.6194e-07,0.0047611,22.55
142,143,10,-0.25381,537.7,52.567,0.014544,0,-1.438e-06,0.0047749,117.95
143,144,6,-3.7594,471.36,79.989,0.0071748,1.75,-3.0547e-07,25.462,35.231
144,145,7,-2.001,533.69,58.018,0.017507,0.875,-3.8929e-06,13.029,71.639
145,146,10,-0.23156,474.84,60.378,0.011476,0,-9.9838e-07,0.019288,95.946
146,147,4,-0.25863,439.98,52.699,0.0052648,0,1.4678e-06,0.033576,19.216
147,148,4,-0.10815,436.36,35.08,0.0065531,0,-7.0781e-08,0.033088,19.175
148,149,6,-0.18445,517.73,51.765,0.015046,0,1.7807e-06,0.0041418,62.046
149,150,7,-0.14201,497.03,34.136,0.015596,0,-3.5912e-06,0.0015498,70.147
150,151,9,-0.14086,525.32,52.941,0.025461,0,-7.4431e-06,0.011842,123.09
151,152,8,-0.21923,550.69,51.804,0.010241,0,-5.9232e-07,0.022813,97.119
152,153,8,-0.22515,565.45,58.534,0.011533,0,7.0035e-07,0.0086038,76.025
153,154,6,-0.22303,555.52,44.752,0.014268,0,-2.1756e-06,0.0031287,54.419
154,155,4,-0.14387,492.81,29.847,0.0048152,0,2.0117e-07,0.021203,20.425
155,156,10,-0.99535,527.19,63.925,0.022459,0.375,-2.4065e-06,4.3248,102.27
156,157,4,-1.1321,534.1,60.109,0.0071106,0.375,-1.2591e-06,4.8536,19.618
157,158,6,-1.069,492.35,70.021,0.020696,0.375,-1.5199e-06,4.6041,36.735
158,159,10,-2.0239,514.03,66.968,0.010334,0.875,-1.2219e-06,11.381,89.853
159,160,4,-0.16113,486.83,34.326,0.022881,0,-6.2585e-07,0.33415,32.375
160,161,10,-0.99631,551.28,61.224,0.0060337,0.375,-1.3635e-06,4.1049,81.777
161,162,7,-0.27555,551.06,59.18,0.012871,0,1.505e-06,0.47612,52.968
162,163,7,-0.10088,509.75,34.571,0.017863,0,3.5837e-06,0.54044,84.995
163,164,7,-0.18573,510.23,58.202,0.0063512,0,4.1723e-06,0.51251,44.586
164,165,8,-0.18926,504.63,48.993,0.014044,0,1.4748e-05,0.36468,88.625
165,166,10,-0.26284,598.98,58.868,0.01994,0,3.4295e-05,0.17975,102.64
166,167,9,-0.25399,569.19,66.297,0.0089808,0,6.488e-05,0.038198,74.559
167,168,6,-0.18958,427.72,62.269,0.012077,0,2.8431e-05,0.0061958,32.981
168,169,10,-0.26861,560.73,49.401,0.0080555,0,-1.9908e-05,0.022435,105.69
169,170,9,-0.30594,477.07,56.574,0.018126,0,-2.8037e-05,0.038929,105.08
170,171,9,-0.31075,565.37,61.824,0.0091133,0,-8.4043e-05,0.022504,102.02
171,172,6,-0.26864,557.17,56.477,0.0051846,0,-3.2865e-05,0.003936,43.792
172,173,9,-0.15413,571.3,53.397,0.015958,0,1.8643e-05,0.018185,126.73
173,174,6,-0.20289,525.25,61.436,0.0081537,0,-5.886e-06,0.020472,45.137
174,175,9,-0.13134,530.59,35.567,0.015565,0,-4.9174e-06,0.0077277,109.36
175,176,5,-1.8723,470.76,68.614,0.018969,0.75,-6.564e-06,9.6087,29.759
176,177,8,-1.0275,596.07,58.593,0.0042002,0.375,2.6748e-06,4.9181,51.372
177,178,7,-0.21893,570.63,43.97,0.011858,0,3.7886e-06,0.0024072,67.483
178,179,10,-0.15722,518.48,66.911,0.013322,0,-9.9838e-06,0.00047146,79.527
179,180,5,-0.95464,542.22,54.659,0.010256,0.375,-1.6391e-07,4.4638,30.958
180,181,8,-0.13454,546.48,29.95,0.017827,0,-4.0606e-06,0.05838,104.68
181,182,9,-0.29321,595.89,47.582,0.011759,0,-2.3842e-06,0.030496,91.941
182,183,10,-0.18947,561.78,67.368,0.012623,0,-1.4901e-08,0.0039658,91.001
183,184,6,-0.26799,448.84,54.73,0.019499,0,-1.087e-05,0.0042393,46.1
184,185,5,-0.24735,445.89,60.009,0.0098294,0,-6.4336e-06,0.0060328,20.253
185,186,4,-0.13978,524.3,29.527,0.011271,0,-6.631e-06,0.0035206,37.53
186,187,8,-0.1819,542.49,54.847,0.010855,0,-2.6301e-06,0.0097066,78.866
187,188,6,-0.24971,500.72,53.823,0.0075153,0,-2.0243e-05,0.0032993,51.42
188,189,6,-0.16492,486.3,55.666,0.0099811,0,-2.3052e-05,0.0007798,41.238
189,190,6,-0.18021,475.66,45.763,0.016569,0,-1.651e-05,0.0045644,63.24
190,191,4,-0.21548,487.66,51.24,0.0094894,0,4.4331e-07,0.0054131,27.543
191,192,9,-0.23211,481.41,58.991,0.0072577,0,-4.6864e-06,0.00073981,72.258
192,193,8,-0.2998,538.67,56.25,0.013813,0,-9.5479e-06,0.0047813,91.535
193,194,10,-0.29042,527.04,53.851,0.013943,0,4.2692e-06,0.0024108,130.38
194,195,5,-0.24995,540.75,64.928,0.011562,0,3.0175e-06,0.0046443,41.594
195,196,5,-0.282,551.41,56.054,0.016297,0,2.1532e-06,0.0019046,38.626
196,197,10,-2.5344,533.75,73.737,0.0082694,1.125,1.3597e-06,22.874,82.003
197,198,6,-0.13322,507.44,32.275,0.019258,0,1.1213e-06,0.028531,58.143
198,199,6,-0.18618,495.3,60.657,0.017747,0,7.0035e-07,0.024147,42.525
199,200,4,-1.1056,386.38,69.842,0.011084,0.375,-8.9407e-08,4.5834,15.544
200,201,6,-0.20982,492.15,51.423,0.018752,0,2.3805e-06,0.012164,48.472
201,202,5,-0.24031,496.76,60.477,0.0057516,0,4.3958e-07,0.0037108,28.079
202,203,6,-0.26745,541.64,52.496,0.022041,0,-4.7684e-07,0.0030725,60.521
203,204,9,-0.29127,479.2,62.946,0.0090985,0,-1.7621e-06,0.0041449,53.725
204,205,7,-0.14552,563.2,28.422,0.0077865,0,2.5332e-07,0.0039983,86.266
205,206,7,-0.22595,532.29,51.328,0.015979,0,-1.1027e-06,0.0027414,73.354
206,207,4,-0.1338,529.28,32.987,0.0030033,0,1.1437e-06,0.0030945,24.888
207,208,10,-0.20118,544.03,62.494,0.014069,0,1.2666e-06,0.0027113,101.11
208,209,8,-0.21709,610.85,57.613,0.012767,0,2.0042e-06,0.00028519,76.018
209,210,5,-0.14144,545.77,31.613,0.024048,0,2.1793e-06,0.013607,53.532
210,211,5,-0.23307,531.67,42.068,0.0052535,0,-3.5763e-07,0.012133,39.096
211,212,4,-0.12898,519.56,27.342,0.013954,0,-2.4661e-06,0.0039135,37.387
212,213,5,-0.16897,491.51,49.381,0.013051,0,1.0356e-06,0.0075309,34.974
213,214,4,-0.19881,530.4,50.198,0.002948,0,-2.1607e-07,0.0078734,18.504
214,215,10,-0.28965,520.58,59.638,0.0090819,0,1.5497e-06,0.0062668,106.22
215,216,10,-0.22501,499.35,65.829,0.010524,0,-2.3171e-06,0.0016486,96.379
216,217,9,-0.19987,493.17,51.524,0.023851,0,1.654e-06,0.00573,115.23
217,218,8,-0.19693,521.39,32.713,0.0047802,0,1.3337e-06,0.036078,75.608
218,219,5,-1.009,460.59,60.981,0.021988,0.375,8.9407e-07,4.6632,31.286
219,220,9,-0.20557,536.87,35.814,0.01858,0,1.7062e-06,0.013712,118.79
220,221,6,-1.2226,521.02,70.968,0.009945,0.5,1.4752e-06,8.0501,34.842
221,222,6,-1.2953,448.27,65.108,0.019914,0.5,3.6508e-07,8.0429,40.884
222,223,6,-0.14356,532.69,54.892,0.019269,0,-1.7807e-06,0.011715,57.776
223,224,9,-0.24585,500.46,64.758,0.011426,0,1.4007e-06,0.010604,75.89
224,225,10,-0.18195,596.56,62.78,0.014389,0,-1.5348e-06,0.0050967,100.29
225,226,10,-1.0745,478.49,67.775,0.0083558,0.375,-3.1069e-06,4.8486,94.853
226,227,6,-0.24902,487.13,67.384,0.0051162,0,-3.8743e-07,0.0025031,21.378
227,228,8,-1.0045,530.12,67.469,0.0075822,0.375,4.3958e-07,4.5802,56.383
228,229,7,-0.1701,502.2,54.503,0.011605,0,-6.7055e-08,0.0033123,56.797
