run_id,checkpoint,checkpoint_path,iteration,seed,category,n_tasks,lambda_E,lambda_T,energy_wh,time_s,unserved,served_steps,task_order
ts3-run_004,ts3-run_004_it00500_ep01000.pt,H:\Priyo H\PB-PHD\HDRL-HMRTA\drl-ts-3\checkpoints\ts3-run_004\ts3-run_004_it00500_ep01000.pt,500,30000,2,16,0.2,0.8,534.7584228515625,590.6826171875,0,16,1 9 6 2 4 15 14 11 12 3 5 13 0 8 7 10
ts3-run_004,ts3-run_004_it00500_ep01000.pt,H:\Priyo H\PB-PHD\HDRL-HMRTA\drl-ts-3\checkpoints\ts3-run_004\ts3-run_004_it00500_ep01000.pt,500,30001,1,11,0.2,0.8,484.5049743652344,457.98175048828125,0,11,2 3 6 5 1 0 7 8 4 10 9
ts3-run_004,ts3-run_004_it00500_ep01000.pt,H:\Priyo H\PB-PHD\HDRL-HMRTA\drl-ts-3\checkpoints\ts3-run_004\ts3-run_004_it00500_ep01000.pt,500,30002,1,11,0.2,0.8,454.4783630371094,427.7050476074219,0,11,2 8 6 5 0 4 10 1 9 3 7
ts3-run_004,ts3-run_004_it00500_ep01000.pt,H:\Priyo H\PB-PHD\HDRL-HMRTA\drl-ts-3\checkpoints\ts3-run_004\ts3-run_004_it00500_ep01000.pt,500,30003,0,4,0.2,0.8,349.20416259765625,349.64263916015625,0,4,3 2 1 0
ts3-run_004,ts3-run_004_it00500_ep01000.pt,H:\Priyo H\PB-PHD\HDRL-HMRTA\drl-ts-3\checkpoints\ts3-run_004\ts3-run_004_it00500_ep01000.pt,500,30004,3,16,0.2,0.8,475.76385498046875,530.4309692382812,0,16,5 12 2 14 13 1 10 4 3 15 8 0 7 11 9 6
ts3-run_004,ts3-run_004_it00500_ep01000.pt,H:\Priyo H\PB-PHD\HDRL-HMRTA\drl-ts-3\checkpoints\ts3-run_004\ts3-run_004_it00500_ep01000.pt,500,30005,0,5,0.2,0.8,392.77435302734375,403.68292236328125,0,5,3 2 0 1 4
ts3-run_004,ts3-run_004_it00500_ep01000.pt,H:\Priyo H\PB-PHD\HDRL-HMRTA\drl-ts-3\checkpoints\ts3-run_004\ts3-run_004_it00500_ep01000.pt,500,30006,1,6,0.2,0.8,321.66864013671875,306.4405517578125,0,6,2 3 4 1 5 0
ts3-run_004,ts3-run_004_it00500_ep01000.pt,H:\Priyo H\PB-PHD\HDRL-HMRTA\drl-ts-3\checkpoints\ts3-run_004\ts3-run_004_it00500_ep01000.pt,500,30007,3,20,0.2,0.8,525.0037231445312,560.7745361328125,0,20,0 4 19 7 16 10 12 17 18 3 13 1 2 14 6 15 9 11 5 8
ts3-run_004,ts3-run_004_it00500_ep01000.pt,H:\Priyo H\PB-PHD\HDRL-HMRTA\drl-ts-3\checkpoints\ts3-run_004\ts3-run_004_it00500_ep01000.pt,500,30008,2,14,0.2,0.8,460.3040771484375,543.2003173828125,0,14,5 7 13 10 6 9 11 4 3 2 0 8 12 1
ts3-run_004,ts3-run_004_it00500_ep01000.pt,H:\Priyo H\PB-PHD\HDRL-HMRTA\drl-ts-3\checkpoints\ts3-run_004\ts3-run_004_it00500_ep01000.pt,500,30009,0,5,0.2,0.8,372.0140075683594,376.5494384765625,0,5,0 1 3 4 2
ts3-run_004,ts3-run_004_it01000_ep02000.pt,H:\Priyo H\PB-PHD\HDRL-HMRTA\drl-ts-3\checkpoints\ts3-run_004\ts3-run_004_it01000_ep02000.pt,1000,30000,2,16,0.2,0.8,550.9315185546875,585.5840454101562,0,16,9 6 2 15 4 1 14 10 5 12 3 11 13 0 8 7
ts3-run_004,ts3-run_004_it01000_ep02000.pt,H:\Priyo H\PB-PHD\HDRL-HMRTA\drl-ts-3\checkpoints\ts3-run_004\ts3-run_004_it01000_ep02000.pt,1000,30001,1,11,0.2,0.8,473.9519958496094,429.1856994628906,0,11,2 3 10 4 8 7 9 0 1 5 6
ts3-run_004,ts3-run_004_it01000_ep02000.pt,H:\Priyo H\PB-PHD\HDRL-HMRTA\drl-ts-3\checkpoints\ts3-run_004\ts3-run_004_it01000_ep02000.pt,1000,30002,1,11,0.2,0.8,470.19769287109375,426.156005859375,0,11,2 7 3 9 1 4 10 0 5 6 8
ts3-run_004,ts3-run_004_it01000_ep02000.pt,H:\Priyo H\PB-PHD\HDRL-HMRTA\drl-ts-3\checkpoints\ts3-run_004\ts3-run_004_it01000_ep02000.pt,1000,30003,0,4,0.2,0.8,356.4717102050781,340.9338684082031,0,4,3 2 1 0
ts3-run_004,ts3-run_004_it01000_ep02000.pt,H:\Priyo H\PB-PHD\HDRL-HMRTA\drl-ts-3\checkpoints\ts3-run_004\ts3-run_004_it01000_ep02000.pt,1000,30004,3,16,0.2,0.8,464.1749572753906,503.76788330078125,0,16,5 12 14 2 1 10 4 15 8 3 13 0 7 11 9 6
ts3-run_004,ts3-run_004_it01000_ep02000.pt,H:\Priyo H\PB-PHD\HDRL-HMRTA\drl-ts-3\checkpoints\ts3-run_004\ts3-run_004_it01000_ep02000.pt,1000,30005,0,5,0.2,0.8,409.88916015625,402.75640869140625,0,5,3 2 4 1 0
ts3-run_004,ts3-run_004_it01000_ep02000.pt,H:\Priyo H\PB-PHD\HDRL-HMRTA\drl-ts-3\checkpoints\ts3-run_004\ts3-run_004_it01000_ep02000.pt,1000,30006,1,6,0.2,0.8,340.75433349609375,312.82470703125,0,6,2 3 4 5 0 1
ts3-run_004,ts3-run_004_it01000_ep02000.pt,H:\Priyo H\PB-PHD\HDRL-HMRTA\drl-ts-3\checkpoints\ts3-run_004\ts3-run_004_it01000_ep02000.pt,1000,30007,3,20,0.2,0.8,515.5003051757812,561.5679931640625,0,20,0 4 19 7 16 10 12 17 18 13 1 3 2 14 6 15 11 8 9 5
ts3-run_004,ts3-run_004_it01000_ep02000.pt,H:\Priyo H\PB-PHD\HDRL-HMRTA\drl-ts-3\checkpoints\ts3-run_004\ts3-run_004_it01000_ep02000.pt,1000,30008,2,14,0.2,0.8,461.4642333984375,531.1454467773438,0,14,5 7 13 10 9 4 11 3 2 0 6 8 12 1
ts3-run_004,ts3-run_004_it01000_ep02000.pt,H:\Priyo H\PB-PHD\HDRL-HMRTA\drl-ts-3\checkpoints\ts3-run_004\ts3-run_004_it01000_ep02000.pt,1000,30009,0,5,0.2,0.8,379.0330810546875,368.2886657714844,0,5,0 1 3 4 2
ts3-run_004,ts3-run_004_it01500_ep03000.pt,H:\Priyo H\PB-PHD\HDRL-HMRTA\drl-ts-3\checkpoints\ts3-run_004\ts3-run_004_it01500_ep03000.pt,1500,30000,2,16,0.2,0.8,508.8695068359375,588.0054321289062,0,16,1 9 6 2 15 4 14 10 7 8 0 13 12 3 11 5
ts3-run_004,ts3-run_004_it01500_ep03000.pt,H:\Priyo H\PB-PHD\HDRL-HMRTA\drl-ts-3\checkpoints\ts3-run_004\ts3-run_004_it01500_ep03000.pt,1500,30001,1,11,0.2,0.8,456.4640197753906,425.4141845703125,0,11,2 3 10 4 7 8 9 0 1 5 6
ts3-run_004,ts3-run_004_it01500_ep03000.pt,H:\Priyo H\PB-PHD\HDRL-HMRTA\drl-ts-3\checkpoints\ts3-run_004\ts3-run_004_it01500_ep03000.pt,1500,30002,1,11,0.2,0.8,515.3737182617188,475.39691162109375,0,11,2 8 6 0 4 1 9 3 10 7 5
ts3-run_004,ts3-run_004_it01500_ep03000.pt,H:\Priyo H\PB-PHD\HDRL-HMRTA\drl-ts-3\checkpoints\ts3-run_004\ts3-run_004_it01500_ep03000.pt,1500,30003,0,4,0.2,0.8,347.84912109375,352.8165283203125,0,4,0 1 2 3
ts3-run_004,ts3-run_004_it01500_ep03000.pt,H:\Priyo H\PB-PHD\HDRL-HMRTA\drl-ts-3\checkpoints\ts3-run_004\ts3-run_004_it01500_ep03000.pt,1500,30004,3,16,0.2,0.8,479.8469543457031,520.01220703125,0,16,6 5 12 14 2 1 10 4 15 8 3 13 0 7 11 9
ts3-run_004,ts3-run_004_it01500_ep03000.pt,H:\Priyo H\PB-PHD\HDRL-HMRTA\drl-ts-3\checkpoints\ts3-run_004\ts3-run_004_it01500_ep03000.pt,1500,30005,0,5,0.2,0.8,394.04443359375,392.56915283203125,0,5,3 2 0 4 1
ts3-run_004,ts3-run_004_it01500_ep03000.pt,H:\Priyo H\PB-PHD\HDRL-HMRTA\drl-ts-3\checkpoints\ts3-run_004\ts3-run_004_it01500_ep03000.pt,1500,30006,1,6,0.2,0.8,322.6090087890625,303.9989929199219,0,6,2 3 4 5 1 0
ts3-run_004,ts3-run_004_it01500_ep03000.pt,H:\Priyo H\PB-PHD\HDRL-HMRTA\drl-ts-3\checkpoints\ts3-run_004\ts3-run_004_it01500_ep03000.pt,1500,30007,3,20,0.2,0.8,520.5587158203125,575.47021484375,0,20,0 4 19 7 16 10 12 17 18 13 1 2 14 6 15 3 11 9 5 8
ts3-run_004,ts3-run_004_it01500_ep03000.pt,H:\Priyo H\PB-PHD\HDRL-HMRTA\drl-ts-3\checkpoints\ts3-run_004\ts3-run_004_it01500_ep03000.pt,1500,30008,2,14,0.2,0.8,472.6492614746094,558.509033203125,0,14,5 1 7 13 10 9 4 11 6 3 2 0 8 12
ts3-run_004,ts3-run_004_it01500_ep03000.pt,H:\Priyo H\PB-PHD\HDRL-HMRTA\drl-ts-3\checkpoints\ts3-run_004\ts3-run_004_it01500_ep03000.pt,1500,30009,0,5,0.2,0.8,375.84759521484375,372.6949157714844,0,5,0 1 3 4 2
ts3-run_004,ts3-run_004_it02000_ep04000.pt,H:\Priyo H\PB-PHD\HDRL-HMRTA\drl-ts-3\checkpoints\ts3-run_004\ts3-run_004_it02000_ep04000.pt,2000,30000,2,16,0.2,0.8,485.7678527832031,517.9922485351562,0,16,8 7 0 10 14 13 5 11 3 12 15 4 2 6 9 1
ts3-run_004,ts3-run_004_it02000_ep04000.pt,H:\Priyo H\PB-PHD\HDRL-HMRTA\drl-ts-3\checkpoints\ts3-run_004\ts3-run_004_it02000_ep04000.pt,2000,30001,1,11,0.2,0.8,450.929931640625,423.55126953125,0,11,2 6 5 1 0 7 4 10 8 9 3
ts3-run_004,ts3-run_004_it02000_ep04000.pt,H:\Priyo H\PB-PHD\HDRL-HMRTA\drl-ts-3\checkpoints\ts3-run_004\ts3-run_004_it02000_ep04000.pt,2000,30002,1,11,0.2,0.8,488.85333251953125,453.3320617675781,0,11,8 6 5 0 4 9 1 10 3 7 2
ts3-run_004,ts3-run_004_it02000_ep04000.pt,H:\Priyo H\PB-PHD\HDRL-HMRTA\drl-ts-3\checkpoints\ts3-run_004\ts3-run_004_it02000_ep04000.pt,2000,30003,0,4,0.2,0.8,356.7310791015625,341.6572570800781,0,4,0 1 2 3
ts3-run_004,ts3-run_004_it02000_ep04000.pt,H:\Priyo H\PB-PHD\HDRL-HMRTA\drl-ts-3\checkpoints\ts3-run_004\ts3-run_004_it02000_ep04000.pt,2000,30004,3,16,0.2,0.8,467.8987121582031,468.6257629394531,0,16,6 11 7 0 9 8 15 4 10 1 3 13 2 14 12 5
ts3-run_004,ts3-run_004_it02000_ep04000.pt,H:\Priyo H\PB-PHD\HDRL-HMRTA\drl-ts-3\checkpoints\ts3-run_004\ts3-run_004_it02000_ep04000.pt,2000,30005,0,5,0.2,0.8,391.1124267578125,407.02154541015625,0,5,3 2 0 1 4
ts3-run_004,ts3-run_004_it02000_ep04000.pt,H:\Priyo H\PB-PHD\HDRL-HMRTA\drl-ts-3\checkpoints\ts3-run_004\ts3-run_004_it02000_ep04000.pt,2000,30006,1,6,0.2,0.8,335.5809326171875,315.1559143066406,0,6,3 2 4 0 5 1
ts3-run_004,ts3-run_004_it02000_ep04000.pt,H:\Priyo H\PB-PHD\HDRL-HMRTA\drl-ts-3\checkpoints\ts3-run_004\ts3-run_004_it02000_ep04000.pt,2000,30007,3,20,0.2,0.8,495.2789001464844,522.8277587890625,0,20,5 15 6 14 2 1 13 3 18 12 17 10 4 19 16 9 8 11 7 0
ts3-run_004,ts3-run_004_it02000_ep04000.pt,H:\Priyo H\PB-PHD\HDRL-HMRTA\drl-ts-3\checkpoints\ts3-run_004\ts3-run_004_it02000_ep04000.pt,2000,30008,2,14,0.2,0.8,468.0423583984375,515.1425170898438,0,14,5 1 12 8 0 2 3 4 9 11 6 10 13 7
ts3-run_004,ts3-run_004_it02000_ep04000.pt,H:\Priyo H\PB-PHD\HDRL-HMRTA\drl-ts-3\checkpoints\ts3-run_004\ts3-run_004_it02000_ep04000.pt,2000,30009,0,5,0.2,0.8,372.8978576660156,375.95947265625,0,5,0 1 3 4 2
ts3-run_004,ts3-run_004_it02500_ep05000.pt,H:\Priyo H\PB-PHD\HDRL-HMRTA\drl-ts-3\checkpoints\ts3-run_004\ts3-run_004_it02500_ep05000.pt,2500,30000,2,16,0.2,0.8,491.1274108886719,596.3884887695312,0,16,14 8 0 7 13 5 11 3 12 15 4 10 1 2 6 9
ts3-run_004,ts3-run_004_it02500_ep05000.pt,H:\Priyo H\PB-PHD\HDRL-HMRTA\drl-ts-3\checkpoints\ts3-run_004\ts3-run_004_it02500_ep05000.pt,2500,30001,1,11,0.2,0.8,467.0025634765625,439.1419677734375,0,11,3 9 10 4 7 8 0 5 1 6 2
ts3-run_004,ts3-run_004_it02500_ep05000.pt,H:\Priyo H\PB-PHD\HDRL-HMRTA\drl-ts-3\checkpoints\ts3-run_004\ts3-run_004_it02500_ep05000.pt,2500,30002,1,11,0.2,0.8,501.5243835449219,455.0867919921875,0,11,6 0 4 1 9 3 10 7 5 2 8
ts3-run_004,ts3-run_004_it02500_ep05000.pt,H:\Priyo H\PB-PHD\HDRL-HMRTA\drl-ts-3\checkpoints\ts3-run_004\ts3-run_004_it02500_ep05000.pt,2500,30003,0,4,0.2,0.8,349.07025146484375,354.859375,0,4,0 1 2 3
ts3-run_004,ts3-run_004_it02500_ep05000.pt,H:\Priyo H\PB-PHD\HDRL-HMRTA\drl-ts-3\checkpoints\ts3-run_004\ts3-run_004_it02500_ep05000.pt,2500,30004,3,16,0.2,0.8,483.6150207519531,550.55517578125,0,16,13 15 8 10 4 1 3 0 7 11 9 6 2 14 12 5
ts3-run_004,ts3-run_004_it02500_ep05000.pt,H:\Priyo H\PB-PHD\HDRL-HMRTA\drl-ts-3\checkpoints\ts3-run_004\ts3-run_004_it02500_ep05000.pt,2500,30005,0,5,0.2,0.8,392.3182373046875,398.5855712890625,0,5,3 2 0 4 1
ts3-run_004,ts3-run_004_it02500_ep05000.pt,H:\Priyo H\PB-PHD\HDRL-HMRTA\drl-ts-3\checkpoints\ts3-run_004\ts3-run_004_it02500_ep05000.pt,2500,30006,1,6,0.2,0.8,319.62921142578125,295.53564453125,0,6,3 0 1 5 4 2
ts3-run_004,ts3-run_004_it02500_ep05000.pt,H:\Priyo H\PB-PHD\HDRL-HMRTA\drl-ts-3\checkpoints\ts3-run_004\ts3-run_004_it02500_ep05000.pt,2500,30007,3,20,0.2,0.8,529.6167602539062,593.6395874023438,0,20,3 1 14 6 2 13 12 10 17 18 4 19 16 9 15 5 8 11 7 0
ts3-run_004,ts3-run_004_it02500_ep05000.pt,H:\Priyo H\PB-PHD\HDRL-HMRTA\drl-ts-3\checkpoints\ts3-run_004\ts3-run_004_it02500_ep05000.pt,2500,30008,2,14,0.2,0.8,495.4338073730469,569.8838500976562,0,14,0 2 3 4 11 9 6 8 12 1 10 7 13 5
ts3-run_004,ts3-run_004_it02500_ep05000.pt,H:\Priyo H\PB-PHD\HDRL-HMRTA\drl-ts-3\checkpoints\ts3-run_004\ts3-run_004_it02500_ep05000.pt,2500,30009,0,5,0.2,0.8,366.9235534667969,387.1072998046875,0,5,0 1 3 4 2
ts3-run_004,ts3-run_004_it03000_ep06000.pt,H:\Priyo H\PB-PHD\HDRL-HMRTA\drl-ts-3\checkpoints\ts3-run_004\ts3-run_004_it03000_ep06000.pt,3000,30000,2,16,0.2,0.8,502.0091552734375,581.9425659179688,0,16,14 9 6 2 4 13 8 0 7 10 5 3 12 11 15 1
ts3-run_004,ts3-run_004_it03000_ep06000.pt,H:\Priyo H\PB-PHD\HDRL-HMRTA\drl-ts-3\checkpoints\ts3-run_004\ts3-run_004_it03000_ep06000.pt,3000,30001,1,11,0.2,0.8,461.473876953125,420.1210632324219,0,11,2 3 10 4 7 8 9 0 1 5 6
ts3-run_004,ts3-run_004_it03000_ep06000.pt,H:\Priyo H\PB-PHD\HDRL-HMRTA\drl-ts-3\checkpoints\ts3-run_004\ts3-run_004_it03000_ep06000.pt,3000,30002,1,11,0.2,0.8,482.1988220214844,438.9564208984375,0,11,8 6 2 5 0 4 1 9 3 10 7
ts3-run_004,ts3-run_004_it03000_ep06000.pt,H:\Priyo H\PB-PHD\HDRL-HMRTA\drl-ts-3\checkpoints\ts3-run_004\ts3-run_004_it03000_ep06000.pt,3000,30003,0,4,0.2,0.8,350.17889404296875,364.0904541015625,0,4,0 1 3 2
ts3-run_004,ts3-run_004_it03000_ep06000.pt,H:\Priyo H\PB-PHD\HDRL-HMRTA\drl-ts-3\checkpoints\ts3-run_004\ts3-run_004_it03000_ep06000.pt,3000,30004,3,16,0.2,0.8,463.0725402832031,538.16845703125,0,16,5 12 14 2 13 1 10 4 15 8 7 0 9 11 3 6
ts3-run_004,ts3-run_004_it03000_ep06000.pt,H:\Priyo H\PB-PHD\HDRL-HMRTA\drl-ts-3\checkpoints\ts3-run_004\ts3-run_004_it03000_ep06000.pt,3000,30005,0,5,0.2,0.8,387.08758544921875,414.38134765625,0,5,3 2 0 1 4
ts3-run_004,ts3-run_004_it03000_ep06000.pt,H:\Priyo H\PB-PHD\HDRL-HMRTA\drl-ts-3\checkpoints\ts3-run_004\ts3-run_004_it03000_ep06000.pt,3000,30006,1,6,0.2,0.8,333.274658203125,301.5353088378906,0,6,2 3 4 0 5 1
ts3-run_004,ts3-run_004_it03000_ep06000.pt,H:\Priyo H\PB-PHD\HDRL-HMRTA\drl-ts-3\checkpoints\ts3-run_004\ts3-run_004_it03000_ep06000.pt,3000,30007,3,20,0.2,0.8,483.9096984863281,566.0361938476562,0,20,0 7 4 10 12 3 11 19 18 17 13 1 2 14 6 15 9 16 8 5
ts3-run_004,ts3-run_004_it03000_ep06000.pt,H:\Priyo H\PB-PHD\HDRL-HMRTA\drl-ts-3\checkpoints\ts3-run_004\ts3-run_004_it03000_ep06000.pt,3000,30008,2,14,0.2,0.8,488.67022705078125,570.1461181640625,0,14,5 1 7 13 9 4 11 6 10 3 2 0 8 12
ts3-run_004,ts3-run_004_it03000_ep06000.pt,H:\Priyo H\PB-PHD\HDRL-HMRTA\drl-ts-3\checkpoints\ts3-run_004\ts3-run_004_it03000_ep06000.pt,3000,30009,0,5,0.2,0.8,360.4867858886719,394.2623291015625,0,5,0 1 3 4 2
ts3-run_004,ts3-run_004_it03500_ep07000.pt,H:\Priyo H\PB-PHD\HDRL-HMRTA\drl-ts-3\checkpoints\ts3-run_004\ts3-run_004_it03500_ep07000.pt,3500,30000,2,16,0.2,0.8,515.8864135742188,631.3277587890625,0,16,14 9 6 2 12 3 11 4 15 5 13 0 10 1 7 8
ts3-run_004,ts3-run_004_it03500_ep07000.pt,H:\Priyo H\PB-PHD\HDRL-HMRTA\drl-ts-3\checkpoints\ts3-run_004\ts3-run_004_it03500_ep07000.pt,3500,30001,1,11,0.2,0.8,477.37286376953125,448.76422119140625,0,11,2 3 9 4 10 7 8 0 5 1 6
ts3-run_004,ts3-run_004_it03500_ep07000.pt,H:\Priyo H\PB-PHD\HDRL-HMRTA\drl-ts-3\checkpoints\ts3-run_004\ts3-run_004_it03500_ep07000.pt,3500,30002,1,11,0.2,0.8,492.2271423339844,463.80633544921875,0,11,8 6 0 5 4 1 9 10 3 7 2
ts3-run_004,ts3-run_004_it03500_ep07000.pt,H:\Priyo H\PB-PHD\HDRL-HMRTA\drl-ts-3\checkpoints\ts3-run_004\ts3-run_004_it03500_ep07000.pt,3500,30003,0,4,0.2,0.8,346.1678466796875,359.4930419921875,0,4,0 1 2 3
ts3-run_004,ts3-run_004_it03500_ep07000.pt,H:\Priyo H\PB-PHD\HDRL-HMRTA\drl-ts-3\checkpoints\ts3-run_004\ts3-run_004_it03500_ep07000.pt,3500,30004,3,16,0.2,0.8,465.5816955566406,524.5843505859375,0,16,6 5 12 14 2 1 10 4 15 8 3 13 0 7 9 11
ts3-run_004,ts3-run_004_it03500_ep07000.pt,H:\Priyo H\PB-PHD\HDRL-HMRTA\drl-ts-3\checkpoints\ts3-run_004\ts3-run_004_it03500_ep07000.pt,3500,30005,0,5,0.2,0.8,380.89141845703125,413.6583251953125,0,5,3 2 0 4 1
ts3-run_004,ts3-run_004_it03500_ep07000.pt,H:\Priyo H\PB-PHD\HDRL-HMRTA\drl-ts-3\checkpoints\ts3-run_004\ts3-run_004_it03500_ep07000.pt,3500,30006,1,6,0.2,0.8,333.9150695800781,308.1921081542969,0,6,3 2 4 5 1 0
ts3-run_004,ts3-run_004_it03500_ep07000.pt,H:\Priyo H\PB-PHD\HDRL-HMRTA\drl-ts-3\checkpoints\ts3-run_004\ts3-run_004_it03500_ep07000.pt,3500,30007,3,20,0.2,0.8,479.9747619628906,581.3689575195312,0,20,0 4 10 12 17 3 7 19 18 13 1 2 14 6 15 11 16 9 8 5
ts3-run_004,ts3-run_004_it03500_ep07000.pt,H:\Priyo H\PB-PHD\HDRL-HMRTA\drl-ts-3\checkpoints\ts3-run_004\ts3-run_004_it03500_ep07000.pt,3500,30008,2,14,0.2,0.8,487.98388671875,586.15380859375,0,14,5 1 7 13 9 4 11 6 10 3 2 0 8 12
ts3-run_004,ts3-run_004_it03500_ep07000.pt,H:\Priyo H\PB-PHD\HDRL-HMRTA\drl-ts-3\checkpoints\ts3-run_004\ts3-run_004_it03500_ep07000.pt,3500,30009,0,5,0.2,0.8,359.4374694824219,397.5165100097656,0,5,0 1 3 4 2
ts3-run_004,ts3-run_004_it04000_ep08000.pt,H:\Priyo H\PB-PHD\HDRL-HMRTA\drl-ts-3\checkpoints\ts3-run_004\ts3-run_004_it04000_ep08000.pt,4000,30000,2,16,0.2,0.8,526.9376220703125,600.6605834960938,0,16,14 9 6 2 4 12 3 11 15 1 5 13 8 0 10 7
ts3-run_004,ts3-run_004_it04000_ep08000.pt,H:\Priyo H\PB-PHD\HDRL-HMRTA\drl-ts-3\checkpoints\ts3-run_004\ts3-run_004_it04000_ep08000.pt,4000,30001,1,11,0.2,0.8,474.3193054199219,439.3529357910156,0,11,2 3 10 4 7 8 9 0 5 1 6
ts3-run_004,ts3-run_004_it04000_ep08000.pt,H:\Priyo H\PB-PHD\HDRL-HMRTA\drl-ts-3\checkpoints\ts3-run_004\ts3-run_004_it04000_ep08000.pt,4000,30002,1,11,0.2,0.8,499.7630920410156,451.6702575683594,0,11,2 8 6 0 5 4 1 9 3 10 7
ts3-run_004,ts3-run_004_it04000_ep08000.pt,H:\Priyo H\PB-PHD\HDRL-HMRTA\drl-ts-3\checkpoints\ts3-run_004\ts3-run_004_it04000_ep08000.pt,4000,30003,0,4,0.2,0.8,355.4649963378906,342.57391357421875,0,4,3 2 1 0
ts3-run_004,ts3-run_004_it04000_ep08000.pt,H:\Priyo H\PB-PHD\HDRL-HMRTA\drl-ts-3\checkpoints\ts3-run_004\ts3-run_004_it04000_ep08000.pt,4000,30004,3,16,0.2,0.8,464.97076416015625,511.85516357421875,0,16,6 5 12 14 2 13 1 10 4 15 8 3 0 7 11 9
ts3-run_004,ts3-run_004_it04000_ep08000.pt,H:\Priyo H\PB-PHD\HDRL-HMRTA\drl-ts-3\checkpoints\ts3-run_004\ts3-run_004_it04000_ep08000.pt,4000,30005,0,5,0.2,0.8,391.4678039550781,396.250732421875,0,5,3 2 0 4 1
ts3-run_004,ts3-run_004_it04000_ep08000.pt,H:\Priyo H\PB-PHD\HDRL-HMRTA\drl-ts-3\checkpoints\ts3-run_004\ts3-run_004_it04000_ep08000.pt,4000,30006,1,6,0.2,0.8,332.50592041015625,308.8851013183594,0,6,2 3 0 4 5 1
ts3-run_004,ts3-run_004_it04000_ep08000.pt,H:\Priyo H\PB-PHD\HDRL-HMRTA\drl-ts-3\checkpoints\ts3-run_004\ts3-run_004_it04000_ep08000.pt,4000,30007,3,20,0.2,0.8,490.86962890625,538.2557373046875,0,20,0 4 10 12 17 18 3 7 19 11 16 13 1 2 14 6 15 9 8 5
ts3-run_004,ts3-run_004_it04000_ep08000.pt,H:\Priyo H\PB-PHD\HDRL-HMRTA\drl-ts-3\checkpoints\ts3-run_004\ts3-run_004_it04000_ep08000.pt,4000,30008,2,14,0.2,0.8,440.8968811035156,545.9451293945312,0,14,5 13 7 10 9 4 11 6 0 3 2 8 12 1
ts3-run_004,ts3-run_004_it04000_ep08000.pt,H:\Priyo H\PB-PHD\HDRL-HMRTA\drl-ts-3\checkpoints\ts3-run_004\ts3-run_004_it04000_ep08000.pt,4000,30009,0,5,0.2,0.8,376.2662048339844,373.7584228515625,0,5,0 1 3 4 2
ts3-run_004,ts3-run_004_it04500_ep09000.pt,H:\Priyo H\PB-PHD\HDRL-HMRTA\drl-ts-3\checkpoints\ts3-run_004\ts3-run_004_it04500_ep09000.pt,4500,30000,2,16,0.2,0.8,465.4776611328125,546.8392333984375,0,16,14 8 7 0 10 1 9 6 2 15 4 5 11 3 12 13
ts3-run_004,ts3-run_004_it04500_ep09000.pt,H:\Priyo H\PB-PHD\HDRL-HMRTA\drl-ts-3\checkpoints\ts3-run_004\ts3-run_004_it04500_ep09000.pt,4500,30001,1,11,0.2,0.8,491.77947998046875,435.39825439453125,0,11,2 6 5 1 0 8 7 9 4 10 3
ts3-run_004,ts3-run_004_it04500_ep09000.pt,H:\Priyo H\PB-PHD\HDRL-HMRTA\drl-ts-3\checkpoints\ts3-run_004\ts3-run_004_it04500_ep09000.pt,4500,30002,1,11,0.2,0.8,488.43341064453125,445.8874206542969,0,11,8 6 0 5 2 10 4 1 9 3 7
ts3-run_004,ts3-run_004_it04500_ep09000.pt,H:\Priyo H\PB-PHD\HDRL-HMRTA\drl-ts-3\checkpoints\ts3-run_004\ts3-run_004_it04500_ep09000.pt,4500,30003,0,4,0.2,0.8,346.9229736328125,356.07293701171875,0,4,0 1 2 3
ts3-run_004,ts3-run_004_it04500_ep09000.pt,H:\Priyo H\PB-PHD\HDRL-HMRTA\drl-ts-3\checkpoints\ts3-run_004\ts3-run_004_it04500_ep09000.pt,4500,30004,3,16,0.2,0.8,457.47210693359375,472.7601318359375,0,16,6 9 11 7 0 8 15 4 10 1 3 13 2 14 12 5
ts3-run_004,ts3-run_004_it04500_ep09000.pt,H:\Priyo H\PB-PHD\HDRL-HMRTA\drl-ts-3\checkpoints\ts3-run_004\ts3-run_004_it04500_ep09000.pt,4500,30005,0,5,0.2,0.8,376.71820068359375,427.63885498046875,0,5,3 2 0 1 4
ts3-run_004,ts3-run_004_it04500_ep09000.pt,H:\Priyo H\PB-PHD\HDRL-HMRTA\drl-ts-3\checkpoints\ts3-run_004\ts3-run_004_it04500_ep09000.pt,4500,30006,1,6,0.2,0.8,335.69134521484375,333.66278076171875,0,6,3 2 4 0 1 5
ts3-run_004,ts3-run_004_it04500_ep09000.pt,H:\Priyo H\PB-PHD\HDRL-HMRTA\drl-ts-3\checkpoints\ts3-run_004\ts3-run_004_it04500_ep09000.pt,4500,30007,3,20,0.2,0.8,491.7073974609375,571.1332397460938,0,20,5 8 9 15 6 14 2 1 3 7 11 16 19 0 4 10 12 17 13 18
ts3-run_004,ts3-run_004_it04500_ep09000.pt,H:\Priyo H\PB-PHD\HDRL-HMRTA\drl-ts-3\checkpoints\ts3-run_004\ts3-run_004_it04500_ep09000.pt,4500,30008,2,14,0.2,0.8,434.388916015625,522.8580932617188,0,14,5 1 12 8 6 10 7 13 9 4 3 2 0 11
ts3-run_004,ts3-run_004_it04500_ep09000.pt,H:\Priyo H\PB-PHD\HDRL-HMRTA\drl-ts-3\checkpoints\ts3-run_004\ts3-run_004_it04500_ep09000.pt,4500,30009,0,5,0.2,0.8,360.4310302734375,394.245361328125,0,5,0 1 3 4 2
ts3-run_004,ts3-run_004_it05000_ep10000.pt,H:\Priyo H\PB-PHD\HDRL-HMRTA\drl-ts-3\checkpoints\ts3-run_004\ts3-run_004_it05000_ep10000.pt,5000,30000,2,16,0.2,0.8,514.1387939453125,516.0758666992188,0,16,6 2 9 1 15 4 11 12 3 5 13 14 10 7 0 8
ts3-run_004,ts3-run_004_it05000_ep10000.pt,H:\Priyo H\PB-PHD\HDRL-HMRTA\drl-ts-3\checkpoints\ts3-run_004\ts3-run_004_it05000_ep10000.pt,5000,30001,1,11,0.2,0.8,465.835693359375,415.6060791015625,0,11,2 3 10 4 7 8 9 0 1 5 6
ts3-run_004,ts3-run_004_it05000_ep10000.pt,H:\Priyo H\PB-PHD\HDRL-HMRTA\drl-ts-3\checkpoints\ts3-run_004\ts3-run_004_it05000_ep10000.pt,5000,30002,1,11,0.2,0.8,450.619384765625,402.43865966796875,0,11,7 3 9 1 4 10 0 5 2 8 6
ts3-run_004,ts3-run_004_it05000_ep10000.pt,H:\Priyo H\PB-PHD\HDRL-HMRTA\drl-ts-3\checkpoints\ts3-run_004\ts3-run_004_it05000_ep10000.pt,5000,30003,0,4,0.2,0.8,348.1334228515625,351.36328125,0,4,3 2 1 0
ts3-run_004,ts3-run_004_it05000_ep10000.pt,H:\Priyo H\PB-PHD\HDRL-HMRTA\drl-ts-3\checkpoints\ts3-run_004\ts3-run_004_it05000_ep10000.pt,5000,30004,3,16,0.2,0.8,463.5887451171875,497.81085205078125,0,16,5 12 14 2 3 1 10 4 15 8 13 0 7 9 11 6
ts3-run_004,ts3-run_004_it05000_ep10000.pt,H:\Priyo H\PB-PHD\HDRL-HMRTA\drl-ts-3\checkpoints\ts3-run_004\ts3-run_004_it05000_ep10000.pt,5000,30005,0,5,0.2,0.8,392.1216735839844,405.1722412109375,0,5,3 2 0 1 4
ts3-run_004,ts3-run_004_it05000_ep10000.pt,H:\Priyo H\PB-PHD\HDRL-HMRTA\drl-ts-3\checkpoints\ts3-run_004\ts3-run_004_it05000_ep10000.pt,5000,30006,1,6,0.2,0.8,338.4305419921875,317.119140625,0,6,2 3 4 5 0 1
ts3-run_004,ts3-run_004_it05000_ep10000.pt,H:\Priyo H\PB-PHD\HDRL-HMRTA\drl-ts-3\checkpoints\ts3-run_004\ts3-run_004_it05000_ep10000.pt,5000,30007,3,20,0.2,0.8,478.6811218261719,530.5609741210938,0,20,0 4 10 12 17 18 13 1 3 7 19 16 11 2 14 6 15 9 8 5
ts3-run_004,ts3-run_004_it05000_ep10000.pt,H:\Priyo H\PB-PHD\HDRL-HMRTA\drl-ts-3\checkpoints\ts3-run_004\ts3-run_004_it05000_ep10000.pt,5000,30008,2,14,0.2,0.8,447.8956298828125,491.9265441894531,0,14,5 13 7 10 9 4 3 2 11 6 0 8 12 1
ts3-run_004,ts3-run_004_it05000_ep10000.pt,H:\Priyo H\PB-PHD\HDRL-HMRTA\drl-ts-3\checkpoints\ts3-run_004\ts3-run_004_it05000_ep10000.pt,5000,30009,0,5,0.2,0.8,377.2109069824219,371.77667236328125,0,5,0 1 3 4 2
